{"type":"FeatureCollection","name":"Tetouan Province communes (OSM admin_level=8)","source":"https://wiki.openstreetmap.org/wiki/Administrative_divisions_of_Morocco","license":"ODbL 1.0","features":[{"type":"Feature","id":"relation/2464648","properties":{"osmRelationId":2464648,"name":"Mallalienne ملأليين","nameAr":"ملأليين","nameFr":"Mallalienne","adminLevel":"8","refHcp":"01.571.03.15.","population":9177,"populationDate":"2014","source":"OpenStreetMap contributors","license":"ODbL 1.0"},"geometry":{"type":"Polygon","coordinates":[[[-5.4359842,35.6644786],[-5.4281221,35.6636257],[-5.4153119,35.6628233],[-5.4138039,35.6630055],[-5.4066156,35.6602806],[-5.405429,35.6608463],[-5.4045192,35.6610747],[-5.4035826,35.6610206],[-5.4025505,35.661344],[-5.4017941,35.6614155],[-5.401336,35.6615192],[-5.4010119,35.6617197],[-5.4009336,35.6621721],[-5.4010946,35.662418],[-5.4011235,35.6629026],[-5.4007705,35.6632077],[-5.4006536,35.6635973],[-5.4008296,35.6640096],[-5.4014883,35.6649109],[-5.4017447,35.6658035],[-5.401631,35.6663448],[-5.4012587,35.6664729],[-5.4008285,35.6663692],[-5.4002609,35.6660964],[-5.3995464,35.6660737],[-5.3984145,35.666703],[-5.3976324,35.6671354],[-5.3971785,35.6680706],[-5.3972268,35.668401],[-5.396758,35.6688795],[-5.3886545,35.6722639],[-5.3879635,35.6722168],[-5.3832128,35.6757597],[-5.3818835,35.6767236],[-5.3811861,35.6772831],[-5.3806765,35.6777537],[-5.3801862,35.678084],[-5.3791144,35.677725],[-5.3789685,35.67746],[-5.3793504,35.6769789],[-5.3793697,35.6765685],[-5.3792388,35.6760595],[-5.3790028,35.6756333],[-5.3787121,35.6760708],[-5.3783752,35.6762277],[-5.3774085,35.6765423],[-5.3760771,35.6765667],[-5.375428,35.6762103],[-5.3749709,35.675941],[-5.3740311,35.6756098],[-5.373618,35.6753317],[-5.3732865,35.6746746],[-5.3723123,35.6745474],[-5.371749,35.6742876],[-5.3708178,35.6737691],[-5.370424,35.6734117],[-5.3697513,35.6733141],[-5.3693351,35.673498],[-5.3687975,35.6729228],[-5.3666378,35.6720747],[-5.3658192,35.6725271],[-5.3649931,35.6729733],[-5.3643461,35.673098],[-5.3632668,35.6735015],[-5.3626006,35.6738118],[-5.3615845,35.674163],[-5.3607101,35.674346],[-5.3603432,35.6750537],[-5.3595514,35.6754633],[-5.3591716,35.6759802],[-5.3587661,35.6769162],[-5.3583841,35.6773267],[-5.3566525,35.678383],[-5.3557856,35.678695],[-5.3545368,35.6788849],[-5.3540432,35.6783917],[-5.3531055,35.6774504],[-5.352641,35.6776335],[-5.3520391,35.6783952],[-5.3514297,35.6779228],[-5.34958,35.6781781],[-5.3493129,35.6780474],[-5.3489524,35.6774278],[-5.3492603,35.6770905],[-5.3491112,35.6768805],[-5.3484557,35.6766277],[-5.3482368,35.6763732],[-5.3476124,35.6764979],[-5.3467251,35.6770504],[-5.3440547,35.6782182],[-5.3435966,35.6781877],[-5.3432039,35.6779045],[-5.3427769,35.6777868],[-5.3423241,35.67744],[-5.3421718,35.6773206],[-5.3412244,35.6776221],[-5.3406301,35.6775899],[-5.3401902,35.6773206],[-5.3397728,35.6774552],[-5.3394606,35.6777101],[-5.338752,35.6779733],[-5.3378615,35.6780749],[-5.3375064,35.6778017],[-5.3370364,35.6776483],[-5.3371137,35.6771637],[-5.3373138,35.6764569],[-5.3368741,35.6763159],[-5.3364866,35.676324],[-5.3361186,35.6761719],[-5.3360043,35.6758956],[-5.326394,35.6717963],[-5.3265871,35.6713239],[-5.3260506,35.6707948],[-5.3259863,35.6703703],[-5.3259873,35.6699176],[-5.3263119,35.6694674],[-5.3263521,35.6690211],[-5.3262545,35.6687588],[-5.3245057,35.6677259],[-5.3229221,35.6667706],[-5.3216454,35.6663823],[-5.3213085,35.6664276],[-5.3207828,35.6663173],[-5.3204309,35.6663757],[-5.3199454,35.6663605],[-5.3190876,35.6653415],[-5.3188087,35.6655616],[-5.318401,35.6654919],[-5.3187228,35.6649523],[-5.3190769,35.6636078],[-5.3186701,35.6609485],[-5.3193245,35.6549597],[-5.3209223,35.6492314],[-5.3221355,35.6439224],[-5.3227197,35.6415914],[-5.3273499,35.6252112],[-5.3287865,35.6217179],[-5.3290451,35.6202052],[-5.3293777,35.6195594],[-5.3347633,35.6054548],[-5.4047284,35.5955093],[-5.3962587,35.6055131],[-5.389305,35.6111822],[-5.41514,35.6296715],[-5.4311496,35.6466588],[-5.4350805,35.6608056],[-5.4351871,35.6611892],[-5.4359842,35.6644786]]]}},{"type":"Feature","id":"relation/2464649","properties":{"osmRelationId":2464649,"name":"Tétouan تطوان","nameAr":"تطوان","nameFr":"Tétouan","adminLevel":"8","refHcp":"01.571.01.11.","population":380787,"populationDate":"2014","source":"OpenStreetMap contributors","license":"ODbL 1.0"},"geometry":{"type":"Polygon","coordinates":[[[-5.3347633,35.6054548],[-5.3290765,35.6053938],[-5.3177951,35.6065243],[-5.3158628,35.6083714],[-5.3097522,35.6106991],[-5.3004835,35.6070334],[-5.2965091,35.605495],[-5.2843069,35.6002534],[-5.2693387,35.6032526],[-5.265141,35.6041599],[-5.2644543,35.6042295],[-5.2643394,35.604214],[-5.2643177,35.6041009],[-5.2643913,35.6040548],[-5.2657365,35.6039504],[-5.2657111,35.6037963],[-5.2656018,35.6031027],[-5.2653426,35.602057],[-5.2648555,35.6012448],[-5.2643577,35.6006616],[-5.2640497,35.5998591],[-5.2637762,35.5992676],[-5.2630938,35.5982268],[-5.2627698,35.597453],[-5.2625799,35.5966657],[-5.2622098,35.5957039],[-5.2619053,35.5949122],[-5.261143,35.5930646],[-5.2687644,35.5940844],[-5.28769,35.5887799],[-5.3021096,35.5868604],[-5.3051995,35.5804036],[-5.3059655,35.571262],[-5.3054505,35.5571932],[-5.3074676,35.5525845],[-5.3147632,35.5519212],[-5.324669,35.5461217],[-5.3806811,35.5469281],[-5.382229,35.5462291],[-5.3833512,35.5437935],[-5.38354,35.5433832],[-5.3853264,35.5420545],[-5.3859165,35.5423391],[-5.3858854,35.5436844],[-5.3862265,35.5446447],[-5.3860753,35.5455106],[-5.3861943,35.546058],[-5.3867619,35.5464168],[-5.3876642,35.5469283],[-5.3883262,35.5469763],[-5.3893422,35.5468489],[-5.3898132,35.5467232],[-5.3908882,35.5461479],[-5.391592,35.5456782],[-5.3923345,35.5445469],[-5.3931788,35.5438869],[-5.3934256,35.5432043],[-5.3938354,35.5431449],[-5.3943901,35.5430611],[-5.3947678,35.5429493],[-5.3955821,35.5422213],[-5.3963374,35.5418014],[-5.3966582,35.5415037],[-5.3970777,35.5413465],[-5.3973663,35.5410698],[-5.3976002,35.5412444],[-5.3977257,35.5415578],[-5.3984842,35.5418852],[-5.4005452,35.5427067],[-5.402073,35.5439245],[-5.4025408,35.5449319],[-5.4028755,35.5451475],[-5.4031738,35.5449345],[-5.4034002,35.5452265],[-5.403596,35.5462326],[-5.4035692,35.5467432],[-5.4040219,35.5468986],[-5.4049323,35.546865],[-5.4054708,35.5470654],[-5.4062921,35.547466],[-5.406923,35.5475044],[-5.4073393,35.5474468],[-5.4078355,35.5472657],[-5.4082598,35.5470933],[-5.4086139,35.5468436],[-5.4088982,35.5467851],[-5.4092957,35.5468646],[-5.4095886,35.5470492],[-5.409587,35.5475979],[-5.4097565,35.5480396],[-5.4096862,35.5485262],[-5.4097828,35.5490744],[-5.4097404,35.5499203],[-5.4101298,35.5510315],[-5.4104995,35.5519301],[-5.4113567,35.5525952],[-5.4117697,35.5532359],[-5.4122461,35.5532791],[-5.4129016,35.5528868],[-5.4137337,35.5528558],[-5.413886,35.5524303],[-5.4135105,35.5508499],[-5.413591,35.5503314],[-5.4142132,35.5490543],[-5.4148205,35.5485415],[-5.4154342,35.5482787],[-5.4158167,35.547727],[-5.4162056,35.5475215],[-5.4162678,35.5472657],[-5.4158751,35.5469829],[-5.4158628,35.5467035],[-5.4159138,35.5462771],[-5.415881,35.5454831],[-5.4158773,35.5450982],[-5.416094,35.5447027],[-5.4164314,35.5439061],[-5.4167388,35.5435443],[-5.4176245,35.5431711],[-5.4180193,35.543189],[-5.4185439,35.5437119],[-5.4194001,35.5440449],[-5.4197134,35.5444029],[-5.4202831,35.5447717],[-5.4208549,35.5452715],[-5.421622,35.5456979],[-5.421909,35.5460178],[-5.4221215,35.5464172],[-5.4226976,35.5483167],[-5.4228918,35.5493258],[-5.4228221,35.5497182],[-5.4228505,35.5499748],[-5.4231133,35.5502904],[-5.4233172,35.5509228],[-5.4259549,35.5536475],[-5.4265637,35.5542092],[-5.4275851,35.5549053],[-5.4285636,35.5544551],[-5.428883,35.55425],[-5.4295249,35.5543096],[-5.4300077,35.5546194],[-5.4302813,35.554986],[-5.4303242,35.5553352],[-5.4302115,35.5556843],[-5.4289241,35.5560509],[-5.4285432,35.5559374],[-5.4282374,35.5559374],[-5.4275883,35.5562516],[-5.4268105,35.5564306],[-5.4258503,35.556723],[-5.4254801,35.5569499],[-5.4248525,35.5580759],[-5.4246969,35.5585385],[-5.424713,35.558905],[-5.4246701,35.5592411],[-5.4242195,35.5596513],[-5.4241122,35.5600179],[-5.4241873,35.5606114],[-5.4243549,35.5609376],[-5.42546,35.5607456],[-5.4264095,35.5607237],[-5.4268655,35.5607848],[-5.4275307,35.5610118],[-5.4280014,35.5612267],[-5.4288383,35.5618594],[-5.4295316,35.5621115],[-5.4297207,35.5628417],[-5.430057,35.5634797],[-5.4302148,35.564466],[-5.4298425,35.5649922],[-5.4299111,35.565786],[-5.4297727,35.5665461],[-5.426288,35.5673106],[-5.4242924,35.5667669],[-5.423653,35.5667992],[-5.4234642,35.5670828],[-5.4234331,35.567349],[-5.4226316,35.5680306],[-5.4223602,35.5687305],[-5.4227475,35.5696338],[-5.4234738,35.5702691],[-5.422931,35.5713128],[-5.422401,35.5717308],[-5.4226724,35.5721619],[-5.4224707,35.572559],[-5.4224428,35.5729683],[-5.4226166,35.5733304],[-5.4223849,35.5737598],[-5.4207981,35.5741359],[-5.4173809,35.5756098],[-5.4165366,35.5763314],[-5.4158467,35.5764396],[-5.4151558,35.5765522],[-5.414541,35.5772782],[-5.4144402,35.5775801],[-5.4139788,35.5778498],[-5.4130347,35.5780025],[-5.4120659,35.5786508],[-5.4122032,35.5792607],[-5.413496,35.5813445],[-5.4144015,35.5821289],[-5.4157641,35.5826734],[-5.4165001,35.5830442],[-5.4172254,35.5838565],[-5.4176663,35.5852727],[-5.4181234,35.5859742],[-5.4177951,35.5862987],[-5.4162147,35.5865797],[-5.4158006,35.5868545],[-5.4158102,35.5875953],[-5.4156096,35.5879661],[-5.4142331,35.5888429],[-5.4127868,35.5897311],[-5.4114608,35.5900644],[-5.4101154,35.5909953],[-5.4103782,35.5913679],[-5.4109619,35.5914691],[-5.4115841,35.5920213],[-5.411243,35.5923782],[-5.4113181,35.5929173],[-5.4115616,35.5935272],[-5.4120508,35.5938029],[-5.4130379,35.5945252],[-5.4137621,35.5947939],[-5.414099,35.5949545],[-5.4157416,35.595607],[-5.4161428,35.5959935],[-5.4170097,35.5967237],[-5.4178444,35.5968598],[-5.4183036,35.5970744],[-5.4149927,35.5981937],[-5.412201,35.5988532],[-5.4117354,35.5987721],[-5.4113814,35.5984615],[-5.410993,35.5983533],[-5.4099308,35.5982809],[-5.408358,35.5982617],[-5.4077861,35.5981012],[-5.4069482,35.5975786],[-5.4065652,35.5970857],[-5.4064268,35.5966129],[-5.4050857,35.5959394],[-5.4047284,35.5955093],[-5.3347633,35.6054548]]]}},{"type":"Feature","id":"relation/2480066","properties":{"osmRelationId":2480066,"name":"Azla أزلا","nameAr":"أزلا","nameFr":"Azla","adminLevel":"8","refHcp":"01.571.05.07.","population":16128,"populationDate":"2014","source":"OpenStreetMap contributors","license":"ODbL 1.0"},"geometry":{"type":"Polygon","coordinates":[[[-5.324669,35.5461217],[-5.3147632,35.5519212],[-5.3074676,35.5525845],[-5.3054505,35.5571932],[-5.3059655,35.571262],[-5.3051995,35.5804036],[-5.3021096,35.5868604],[-5.28769,35.5887799],[-5.2687644,35.5940844],[-5.261143,35.5930646],[-5.2608163,35.5924795],[-5.2607907,35.5922937],[-5.260788,35.5920482],[-5.2606591,35.5915649],[-5.2603364,35.5907807],[-5.2600065,35.5902371],[-5.2598068,35.5897858],[-5.2597933,35.5895576],[-5.2596427,35.5890065],[-5.2594323,35.5885515],[-5.2590573,35.5879551],[-5.2587112,35.5875055],[-5.258645,35.5874899],[-5.2585745,35.5874883],[-5.2585908,35.5874439],[-5.2585815,35.5873873],[-5.2580576,35.5862079],[-5.2577978,35.585787],[-5.2576095,35.5851087],[-5.2574462,35.5840782],[-5.2566978,35.5823767],[-5.2561897,35.5816431],[-5.2553514,35.5810526],[-5.2547371,35.5806141],[-5.2544662,35.5803742],[-5.2537528,35.5798005],[-5.2532753,35.5793882],[-5.253042,35.5790719],[-5.2529857,35.5785963],[-5.2530259,35.5784043],[-5.2530795,35.5783345],[-5.2531439,35.5782145],[-5.2531493,35.5776997],[-5.2531332,35.5772285],[-5.2530929,35.5768794],[-5.2531332,35.5767813],[-5.2532217,35.5766526],[-5.2532217,35.5763646],[-5.2529776,35.5755378],[-5.2527818,35.5749651],[-5.2526276,35.574543],[-5.2525377,35.5740674],[-5.2524465,35.5736703],[-5.2524076,35.5734162],[-5.2523057,35.5729962],[-5.252244,35.5725926],[-5.2521448,35.5719163],[-5.2520375,35.5713676],[-5.251894,35.5710534],[-5.2514139,35.5703651],[-5.2510934,35.5697695],[-5.2504885,35.5683121],[-5.2502015,35.5676276],[-5.2499735,35.5670576],[-5.2496436,35.5660692],[-5.249472,35.5656765],[-5.2491783,35.5648495],[-5.2491541,35.5647655],[-5.249134,35.5646674],[-5.2489784,35.5644786],[-5.248957,35.5643575],[-5.2489463,35.5641186],[-5.2488711,35.5638546],[-5.2487639,35.5635884],[-5.2486579,35.5634019],[-5.2485466,35.5632273],[-5.2483682,35.5631477],[-5.2482288,35.56308],[-5.2481818,35.5629993],[-5.2480692,35.5628455],[-5.2479525,35.5626033],[-5.2477272,35.5621364],[-5.247294,35.5611163],[-5.2471016,35.5607541],[-5.2465162,35.559626],[-5.2458563,35.5584052],[-5.2452274,35.5572443],[-5.2444911,35.555587],[-5.2430709,35.5535631],[-5.2423158,35.5525691],[-5.2417941,35.5518162],[-5.241479,35.5513318],[-5.2406167,35.5503999],[-5.2396309,35.5495079],[-5.2384816,35.5485243],[-5.2399466,35.5456364],[-5.2492346,35.5257654],[-5.2491488,35.5087193],[-5.2584185,35.5079857],[-5.2733831,35.4932909],[-5.2942828,35.4784047],[-5.299261,35.4681085],[-5.3044581,35.4663818],[-5.3126181,35.4655089],[-5.3153872,35.4656094],[-5.3170824,35.4658453],[-5.3163303,35.4680097],[-5.3159643,35.4710184],[-5.3115906,35.4912503],[-5.2946691,35.4976584],[-5.306342,35.5072311],[-5.3107623,35.5121219],[-5.3149809,35.5195133],[-5.3178225,35.5230338],[-5.3188433,35.5242985],[-5.3228215,35.527386],[-5.3247098,35.5315421],[-5.3294863,35.5372206],[-5.3292717,35.5405381],[-5.324669,35.5461217]]]}},{"type":"Feature","id":"relation/2480067","properties":{"osmRelationId":2480067,"name":"Zaouiat Sidi Kacem زاوية سيدي قاسم","nameAr":"زاوية سيدي قاسم","nameFr":"Zaouiat Sidi Kacem","adminLevel":"8","refHcp":"01.571.05.25.","population":11537,"populationDate":"2014","source":"OpenStreetMap contributors","license":"ODbL 1.0"},"geometry":{"type":"Polygon","coordinates":[[[-5.3125639,35.4093238],[-5.3118006,35.4300406],[-5.303475,35.4396913],[-5.2922312,35.4459846],[-5.299261,35.4681085],[-5.2942828,35.4784047],[-5.2733831,35.4932909],[-5.2584185,35.5079857],[-5.2491488,35.5087193],[-5.2492346,35.5257654],[-5.2399466,35.5456364],[-5.2384816,35.5485243],[-5.2375013,35.5479591],[-5.2371928,35.5477561],[-5.2369286,35.5476361],[-5.2366537,35.5475651],[-5.2364445,35.547575],[-5.2360891,35.5474898],[-5.2353582,35.5471821],[-5.2347976,35.5469323],[-5.2340077,35.5467817],[-5.2333412,35.5468286],[-5.2332889,35.546851],[-5.23326,35.5469464],[-5.2332312,35.5469868],[-5.2331735,35.5470032],[-5.2330783,35.5470141],[-5.2329804,35.5470643],[-5.2328973,35.547127],[-5.2328999,35.5475379],[-5.2328718,35.5476028],[-5.2328081,35.5476382],[-5.232688,35.5476492],[-5.2325861,35.5476994],[-5.2322535,35.5480693],[-5.2318981,35.5483922],[-5.2315481,35.5488058],[-5.2312933,35.5489847],[-5.230152,35.5494496],[-5.2300179,35.5495434],[-5.2299763,35.5496176],[-5.2299415,35.549652],[-5.229523,35.5498238],[-5.2291167,35.5498391],[-5.2287063,35.5498664],[-5.2283536,35.5498489],[-5.2281229,35.5498686],[-5.2280223,35.549898],[-5.2279043,35.5500497],[-5.2274725,35.5503061],[-5.2267966,35.55046],[-5.2260241,35.5503967],[-5.2257673,35.5502636],[-5.225725,35.5502166],[-5.2257384,35.5500944],[-5.2255037,35.5498238],[-5.2253542,35.5497611],[-5.225084,35.5497671],[-5.2249673,35.5497267],[-5.2247527,35.5495641],[-5.2243826,35.549024],[-5.2235873,35.5482198],[-5.2233338,35.5476688],[-5.2234143,35.5473207],[-5.2233848,35.5471036],[-5.2229919,35.5466093],[-5.2211478,35.5445927],[-5.2203169,35.5435263],[-5.2191827,35.5423369],[-5.2187571,35.5418502],[-5.2179778,35.5411369],[-5.2172558,35.5404753],[-5.2165586,35.5399004],[-5.2156869,35.5392806],[-5.2140775,35.53827],[-5.2133909,35.5380125],[-5.2129188,35.5378073],[-5.2126613,35.5377964],[-5.2124763,35.537839],[-5.2124012,35.5378401],[-5.2122898,35.5377964],[-5.2120686,35.5376731],[-5.2114543,35.5376218],[-5.2098531,35.5376305],[-5.2092844,35.5377375],[-5.2088445,35.5379394],[-5.2085267,35.5381118],[-5.2082093,35.5382359],[-5.207891,35.5383333],[-5.2076697,35.5385461],[-5.2074927,35.5387917],[-5.2069978,35.5391016],[-5.2066666,35.5394421],[-5.206283,35.539644],[-5.2058499,35.5399484],[-5.2053362,35.540206],[-5.2049097,35.5407865],[-5.2046469,35.5410593],[-5.2042526,35.5412841],[-5.2031153,35.5415264],[-5.2023053,35.5413714],[-5.2011707,35.5414631],[-5.2005404,35.5414456],[-5.2000254,35.5413387],[-5.1994997,35.5407996],[-5.1988265,35.5403391],[-5.1981398,35.5400968],[-5.1978153,35.5397673],[-5.1953745,35.537074],[-5.1940548,35.5359357],[-5.1940059,35.5359013],[-5.1931603,35.535306],[-5.1926346,35.535126],[-5.1922806,35.5350779],[-5.1917079,35.535162],[-5.1911956,35.5351336],[-5.1908362,35.535126],[-5.189817,35.5353191],[-5.1881245,35.5359652],[-5.1870704,35.5364519],[-5.1864025,35.5365021],[-5.1852384,35.5364126],[-5.1841226,35.5360263],[-5.1830766,35.5352908],[-5.1824637,35.5350223],[-5.1814699,35.5346207],[-5.1806384,35.5341776],[-5.1799706,35.5339921],[-5.1790895,35.5338033],[-5.1777752,35.5334191],[-5.1764569,35.5329618],[-5.1762463,35.5328625],[-5.1761591,35.5327588],[-5.1760116,35.5325678],[-5.175844,35.5324827],[-5.1756656,35.5324707],[-5.1753947,35.5324249],[-5.1744869,35.5320361],[-5.1736164,35.531578],[-5.1731779,35.5313586],[-5.1731591,35.5312658],[-5.1733965,35.5310268],[-5.1734045,35.5307441],[-5.173088,35.5300718],[-5.1717201,35.5278781],[-5.169978,35.5245458],[-5.169621,35.5239577],[-5.169121,35.5231586],[-5.1687053,35.5228464],[-5.167222,35.5221915],[-5.1667553,35.5219972],[-5.166404,35.5217527],[-5.1654679,35.5213925],[-5.1651031,35.5210891],[-5.1641563,35.5200521],[-5.1634723,35.5193077],[-5.1627535,35.5186942],[-5.1620695,35.517893],[-5.1614741,35.5173188],[-5.1589742,35.5143038],[-5.158242,35.5132362],[-5.1572657,35.5115922],[-5.1565073,35.5098609],[-5.1559272,35.5089591],[-5.1544628,35.5065726],[-5.1536474,35.5054307],[-5.1527783,35.5045529],[-5.1519495,35.503924],[-5.1513863,35.5036882],[-5.1508874,35.5035834],[-5.150477,35.5034022],[-5.1494524,35.5024327],[-5.1485431,35.5016728],[-5.1481998,35.5014195],[-5.1476795,35.5012492],[-5.1469499,35.5007666],[-5.1464832,35.5003801],[-5.1451287,35.4994412],[-5.1439565,35.4984148],[-5.1429856,35.497275],[-5.1425591,35.4969365],[-5.1418832,35.496491],[-5.1410866,35.4960826],[-5.1403168,35.4960302],[-5.1390106,35.4957551],[-5.1382434,35.4953664],[-5.1375058,35.4953096],[-5.1368809,35.4952747],[-5.1359341,35.4949274],[-5.135124,35.4941631],[-5.1346922,35.4938618],[-5.1339841,35.4935844],[-5.13304,35.4933551],[-5.1320127,35.4931826],[-5.131731,35.4931345],[-5.1312187,35.4929839],[-5.1307172,35.4926825],[-5.1299608,35.491702],[-5.1292983,35.4910555],[-5.1287216,35.4906733],[-5.1279733,35.4903851],[-5.127573,35.4903149],[-5.1322771,35.4878297],[-5.1376951,35.4819537],[-5.1489282,35.4731871],[-5.1569105,35.4682241],[-5.1838613,35.4629811],[-5.2080656,35.4586467],[-5.2193952,35.442845],[-5.2245107,35.4297608],[-5.2320847,35.4095839],[-5.2328707,35.4074898],[-5.2393938,35.4022778],[-5.2461401,35.4087315],[-5.2570406,35.4058423],[-5.2617915,35.4047183],[-5.2696577,35.402834],[-5.2851415,35.4022079],[-5.2983251,35.4035336],[-5.3129164,35.3997557],[-5.3125639,35.4093238]]]}},{"type":"Feature","id":"relation/2480068","properties":{"osmRelationId":2480068,"name":"Zaïtoune ⵣⵉⵜⵓⵏ زيتون","nameAr":"زيتون","nameFr":"Zaïtoune","adminLevel":"8","refHcp":"01.571.05.23.","population":10481,"populationDate":"2014","source":"OpenStreetMap contributors","license":"ODbL 1.0"},"geometry":{"type":"Polygon","coordinates":[[[-5.3934256,35.5432043],[-5.3931788,35.5438869],[-5.3923345,35.5445469],[-5.391592,35.5456782],[-5.3908882,35.5461479],[-5.3898132,35.5467232],[-5.3893422,35.5468489],[-5.3883262,35.5469763],[-5.3876642,35.5469283],[-5.3867619,35.5464168],[-5.3861943,35.546058],[-5.3860753,35.5455106],[-5.3862265,35.5446447],[-5.3858854,35.5436844],[-5.3859165,35.5423391],[-5.3853264,35.5420545],[-5.38354,35.5433832],[-5.3833512,35.5437935],[-5.382229,35.5462291],[-5.3806811,35.5469281],[-5.324669,35.5461217],[-5.3292717,35.5405381],[-5.3294863,35.5372206],[-5.3247098,35.5315421],[-5.3228215,35.527386],[-5.3188433,35.5242985],[-5.3178225,35.5230338],[-5.3149809,35.5195133],[-5.3107623,35.5121219],[-5.306342,35.5072311],[-5.2946691,35.4976584],[-5.3115906,35.4912503],[-5.3159643,35.4710184],[-5.3163303,35.4680097],[-5.3170824,35.4658453],[-5.3183119,35.4646473],[-5.321169,35.4626287],[-5.3223492,35.4622197],[-5.3289903,35.461567],[-5.3308153,35.4616552],[-5.3408425,35.4632666],[-5.3460063,35.4644507],[-5.3476006,35.4646045],[-5.3504791,35.4653525],[-5.3539306,35.4664753],[-5.3553715,35.467267],[-5.3569325,35.4677161],[-5.3582876,35.4683732],[-5.3602209,35.4689019],[-5.3637625,35.4693624],[-5.3649952,35.4696131],[-5.3662902,35.4700701],[-5.36848,35.4712401],[-5.3704734,35.4721348],[-5.3714025,35.4722213],[-5.3802098,35.4784833],[-5.3883498,35.4874791],[-5.3911543,35.4901968],[-5.3946058,35.4936316],[-5.3955113,35.4947846],[-5.397303,35.4974802],[-5.3986548,35.5001984],[-5.3992535,35.5038878],[-5.4003028,35.5060835],[-5.4013199,35.5076119],[-5.4026052,35.5089167],[-5.4032167,35.5100189],[-5.4039892,35.5118651],[-5.4057144,35.5156605],[-5.405296,35.5173267],[-5.4041952,35.519047],[-5.4027253,35.5200914],[-5.4006847,35.5212126],[-5.400556,35.5227442],[-5.4005088,35.5233555],[-5.4006976,35.5242094],[-5.4005409,35.5246425],[-5.4010195,35.5253411],[-5.4012212,35.5260187],[-5.3999165,35.5259017],[-5.3991505,35.5257916],[-5.3983651,35.5261217],[-5.3973716,35.5261636],[-5.3961014,35.5257829],[-5.3952774,35.5255821],[-5.3957258,35.5283797],[-5.3953825,35.5305258],[-5.3957473,35.5312313],[-5.3957001,35.5336149],[-5.3961035,35.5341352],[-5.3954684,35.5359966],[-5.3952559,35.5375402],[-5.3950607,35.5391186],[-5.3943397,35.5408123],[-5.3938333,35.5421741],[-5.3934256,35.5432043]]]}},{"type":"Feature","id":"relation/2480069","properties":{"osmRelationId":2480069,"name":"Oued Laou ⵡⴰⴷ ⵍⴰⵡ وادي لو","nameAr":"وادي لو","nameFr":"Oued Laou","adminLevel":"8","refHcp":"01.571.01.07.","population":9665,"populationDate":"2014","source":"OpenStreetMap contributors","license":"ODbL 1.0"},"geometry":{"type":"Polygon","coordinates":[[[-5.0806054,35.4351574],[-5.0802208,35.433859],[-5.0802637,35.4327751],[-5.0798345,35.4278795],[-5.0814686,35.4260734],[-5.0865293,35.4236867],[-5.0888843,35.4232565],[-5.0904379,35.4251485],[-5.0931694,35.4264817],[-5.0942648,35.4278892],[-5.0942724,35.4291394],[-5.0909528,35.4307112],[-5.0908928,35.432283],[-5.0918809,35.4324456],[-5.095062,35.4320339],[-5.098359,35.4325488],[-5.1005122,35.4330934],[-5.1019692,35.4330759],[-5.1028393,35.432471],[-5.1038521,35.4302496],[-5.1032535,35.4289444],[-5.1044462,35.4272595],[-5.1055494,35.425701],[-5.1047394,35.4245295],[-5.104763,35.4236132],[-5.1061127,35.4228972],[-5.1086619,35.4232784],[-5.1122356,35.4226026],[-5.1133482,35.4231298],[-5.1140713,35.4246754],[-5.1157021,35.4260217],[-5.1176977,35.4271058],[-5.1185989,35.4279276],[-5.1197147,35.4288718],[-5.1208949,35.4301131],[-5.1231694,35.4310223],[-5.1253151,35.4322287],[-5.1270532,35.4332952],[-5.1309371,35.4338372],[-5.1348209,35.4352883],[-5.1387476,35.4378932],[-5.1417303,35.439659],[-5.1459145,35.4415994],[-5.1477813,35.4436797],[-5.1484894,35.4449559],[-5.148983,35.447071],[-5.149734,35.4486268],[-5.1514935,35.4495358],[-5.1525878,35.4511789],[-5.1539397,35.4527695],[-5.1539182,35.4542377],[-5.152266,35.4553214],[-5.1520729,35.4566673],[-5.1519001,35.4600746],[-5.1522327,35.4629112],[-5.1551617,35.4650381],[-5.1550329,35.4669955],[-5.1569105,35.4682241],[-5.1489282,35.4731871],[-5.1376951,35.4819537],[-5.1322771,35.4878297],[-5.127573,35.4903149],[-5.1273537,35.49023],[-5.1271421,35.4901427],[-5.1265506,35.4896366],[-5.125931,35.4893139],[-5.1255451,35.4891433],[-5.125334,35.489007],[-5.1251641,35.4889048],[-5.1242245,35.4881622],[-5.1237228,35.4878254],[-5.1226868,35.4871188],[-5.1216915,35.4866359],[-5.1212275,35.4862247],[-5.1190522,35.4844294],[-5.1181,35.4832456],[-5.1169199,35.4817779],[-5.1165095,35.4814197],[-5.1155961,35.4810968],[-5.1148599,35.480688],[-5.1134759,35.4791198],[-5.1127598,35.4783116],[-5.1120704,35.4776018],[-5.1111612,35.4768722],[-5.1108715,35.4766734],[-5.1095503,35.4762539],[-5.1092407,35.4762715],[-5.1087713,35.4763611],[-5.107677,35.4768416],[-5.1069152,35.4771169],[-5.1066309,35.4771103],[-5.1062554,35.4769203],[-5.1060033,35.4766167],[-5.1017842,35.469902],[-5.1014435,35.4691527],[-5.1004565,35.4676956],[-5.0996169,35.4663915],[-5.0989786,35.4651288],[-5.0981632,35.4638006],[-5.0971949,35.4619196],[-5.0954649,35.4589397],[-5.0949875,35.4582952],[-5.0939696,35.4563777],[-5.0938636,35.4561781],[-5.0927612,35.4544433],[-5.0917876,35.4527457],[-5.0896794,35.449088],[-5.088864,35.4478142],[-5.0877026,35.4459394],[-5.0874632,35.445539],[-5.0872238,35.4451385],[-5.0853436,35.4420192],[-5.0843149,35.4404874],[-5.0833493,35.4390735],[-5.0828826,35.4384048],[-5.0823247,35.4375504],[-5.0815442,35.4366915],[-5.081394,35.4365309],[-5.0811768,35.4362228],[-5.0808683,35.4357551],[-5.0806054,35.4351574]]]}},{"type":"Feature","id":"relation/2480070","properties":{"osmRelationId":2480070,"name":"Zinat زينة","nameAr":"زينة","nameFr":"Zinat","adminLevel":"8","refHcp":"01.571.05.27.","population":7669,"populationDate":"2014","source":"OpenStreetMap contributors","license":"ODbL 1.0"},"geometry":{"type":"Polygon","coordinates":[[[-5.3946058,35.4936316],[-5.3911543,35.4901968],[-5.3883498,35.4874791],[-5.3802098,35.4784833],[-5.3714025,35.4722213],[-5.3704734,35.4721348],[-5.36848,35.4712401],[-5.3662902,35.4700701],[-5.3649952,35.4696131],[-5.3637625,35.4693624],[-5.3602209,35.4689019],[-5.3582876,35.4683732],[-5.3569325,35.4677161],[-5.3553715,35.467267],[-5.3539306,35.4664753],[-5.3504791,35.4653525],[-5.3476006,35.4646045],[-5.3460063,35.4644507],[-5.3408425,35.4632666],[-5.3308153,35.4616552],[-5.3289903,35.461567],[-5.3223492,35.4622197],[-5.321169,35.4626287],[-5.3183119,35.4646473],[-5.3170824,35.4658453],[-5.3153872,35.4656094],[-5.3126181,35.4655089],[-5.3044581,35.4663818],[-5.299261,35.4681085],[-5.2922312,35.4459846],[-5.303475,35.4396913],[-5.3118006,35.4300406],[-5.3125639,35.4093238],[-5.3201334,35.407314],[-5.3290598,35.4064746],[-5.3422777,35.4052853],[-5.3508608,35.4025569],[-5.3573735,35.4058809],[-5.3597231,35.4056168],[-5.3614354,35.4053055],[-5.3623796,35.4050432],[-5.3639674,35.4041687],[-5.3648257,35.4037314],[-5.3659844,35.4029094],[-5.3676152,35.4016676],[-5.3696251,35.4024666],[-5.3703404,35.4025756],[-5.3711195,35.4027047],[-5.3718484,35.4037761],[-5.372485,35.4045123],[-5.3726739,35.4050896],[-5.3732764,35.4048532],[-5.3736877,35.4050956],[-5.374074,35.4050082],[-5.3745675,35.4053055],[-5.3751683,35.405253],[-5.3759193,35.4054804],[-5.3759408,35.4048857],[-5.3768849,35.404396],[-5.3772342,35.4042441],[-5.387485,35.4109195],[-5.3891997,35.4123181],[-5.3902531,35.4114791],[-5.3911109,35.4099987],[-5.3926563,35.409258],[-5.3931488,35.4088497],[-5.3936863,35.4084361],[-5.394094,35.4082787],[-5.3940725,35.408576],[-5.3937507,35.4088208],[-5.3934288,35.409258],[-5.3932142,35.4098352],[-5.3929782,35.4102199],[-5.3939009,35.4105347],[-5.3952098,35.4105522],[-5.3955746,35.4106222],[-5.3960241,35.4109133],[-5.397141,35.4111118],[-5.3978276,35.4110769],[-5.3984928,35.4110419],[-5.3989209,35.4110183],[-5.3995228,35.4112692],[-5.4001225,35.4116828],[-5.4010034,35.4125284],[-5.4035997,35.4102724],[-5.4048014,35.4084885],[-5.4059601,35.4063374],[-5.4070759,35.4065647],[-5.4080844,35.406932],[-5.4086208,35.406967],[-5.4090285,35.4068795],[-5.409801,35.4066172],[-5.4102302,35.4065298],[-5.4117107,35.4065997],[-5.4121614,35.4065472],[-5.4124618,35.4064423],[-5.4129982,35.4063724],[-5.4157662,35.4071419],[-5.4192628,35.4080802],[-5.4196061,35.4078528],[-5.4226112,35.4032242],[-5.4215598,35.3984318],[-5.4209375,35.3977147],[-5.4212594,35.395948],[-5.4210448,35.3954233],[-5.4209805,35.3940064],[-5.4208517,35.3932193],[-5.420959,35.3919074],[-5.4221392,35.3898082],[-5.4227614,35.3888286],[-5.4233193,35.3880414],[-5.424006,35.3873767],[-5.4252505,35.38491],[-5.4258728,35.3838779],[-5.4266667,35.381936],[-5.4271857,35.3815484],[-5.4278255,35.3814637],[-5.4279102,35.3811426],[-5.4280615,35.3808688],[-5.4288983,35.3800291],[-5.4295421,35.3796792],[-5.4298425,35.3789969],[-5.4299927,35.3785245],[-5.430057,35.3779296],[-5.430336,35.3776847],[-5.4308081,35.3775797],[-5.431794,35.3773811],[-5.4320945,35.3772412],[-5.4337907,35.3773523],[-5.4345202,35.3772123],[-5.4358506,35.3761976],[-5.4371166,35.3753228],[-5.4379309,35.3743543],[-5.4381895,35.3736956],[-5.4378891,35.3734856],[-5.4372332,35.373639],[-5.4368151,35.3737245],[-5.4356993,35.373777],[-5.4335117,35.3729607],[-5.4320086,35.3732521],[-5.4308295,35.3728733],[-5.4302073,35.3723834],[-5.4260659,35.3704062],[-5.4271173,35.3696363],[-5.428275,35.3692461],[-5.4297996,35.3680616],[-5.4302491,35.3676364],[-5.4306149,35.3669242],[-5.4316878,35.3662243],[-5.4327382,35.3650466],[-5.4341125,35.3631621],[-5.433343,35.3618678],[-5.4355852,35.3600227],[-5.4565777,35.3656503],[-5.4576645,35.3659977],[-5.4600978,35.3663284],[-5.4607426,35.3662216],[-5.4614335,35.3653441],[-5.4616685,35.3648944],[-5.4624796,35.3639591],[-5.4633572,35.3631726],[-5.4646672,35.362603],[-5.4657197,35.362141],[-5.4667915,35.3618838],[-5.4679502,35.3617105],[-5.4698868,35.3616423],[-5.4713395,35.361805],[-5.4730164,35.3622399],[-5.4732728,35.3626397],[-5.474166,35.3630213],[-5.4741867,35.3632852],[-5.4742017,35.3635844],[-5.4741955,35.3644684],[-5.4743993,35.3650721],[-5.4748178,35.3656845],[-5.4752898,35.3658945],[-5.4757726,35.366227],[-5.4758906,35.3665332],[-5.4757404,35.3668306],[-5.475601,35.3671981],[-5.4756331,35.3674431],[-5.4758906,35.3678193],[-5.4763412,35.3683355],[-5.4767489,35.3685104],[-5.4777682,35.3685629],[-5.4784334,35.3686679],[-5.4787982,35.369429],[-5.479517,35.3703039],[-5.4802358,35.3711088],[-5.4804397,35.371345],[-5.480268,35.3716599],[-5.4799354,35.3724998],[-5.4799461,35.3731034],[-5.4801929,35.3735058],[-5.4806542,35.3738558],[-5.4809546,35.3741532],[-5.48118,35.3745381],[-5.4814696,35.3754917],[-5.4819846,35.3766027],[-5.4821777,35.3774949],[-5.482167,35.3778536],[-5.4819953,35.3780548],[-5.4815876,35.378081],[-5.4811049,35.3781948],[-5.4807186,35.3783785],[-5.4804289,35.3787809],[-5.4803538,35.3792095],[-5.4803002,35.3800493],[-5.4802573,35.3802242],[-5.4799676,35.3807316],[-5.4798174,35.3811777],[-5.4797852,35.3814051],[-5.4798818,35.3818337],[-5.4800963,35.3821749],[-5.4806972,35.3828572],[-5.4808366,35.3832683],[-5.4809761,35.3838368],[-5.4813516,35.3845804],[-5.4817271,35.3851489],[-5.4819846,35.3854988],[-5.4821134,35.3857612],[-5.4822636,35.3860061],[-5.4826927,35.3866709],[-5.4831648,35.3866621],[-5.4834437,35.3864434],[-5.4838085,35.3862598],[-5.4842608,35.3861394],[-5.4850531,35.3861723],[-5.4859828,35.386467],[-5.4863298,35.3866534],[-5.4869413,35.3870907],[-5.4874992,35.3873356],[-5.4882288,35.3876942],[-5.4888355,35.3880135],[-5.4901836,35.3889323],[-5.4906954,35.389402],[-5.4910301,35.3897794],[-5.491029,35.3898459],[-5.4909968,35.3904319],[-5.4908037,35.3907293],[-5.4901385,35.3912716],[-5.4886794,35.3917089],[-5.4873488,35.3919195],[-5.4863836,35.3923036],[-5.4853447,35.3931039],[-5.4843782,35.3944629],[-5.4842649,35.3951267],[-5.4835476,35.3958866],[-5.4825784,35.3963183],[-5.4811263,35.396799],[-5.4798239,35.3969637],[-5.4784656,35.3971489],[-5.4778205,35.3973224],[-5.4770279,35.397866],[-5.4768133,35.3989505],[-5.4769206,35.3992478],[-5.4775214,35.3997376],[-5.4784226,35.3999125],[-5.479002,35.4002798],[-5.4791951,35.4008744],[-5.4789803,35.4026769],[-5.4781519,35.4047348],[-5.4772909,35.4058066],[-5.4766202,35.4061214],[-5.4750376,35.4062109],[-5.4728798,35.4064152],[-5.4714274,35.4062788],[-5.4707623,35.405999],[-5.4699683,35.4050371],[-5.4696035,35.4044774],[-5.4689356,35.4042223],[-5.4681331,35.4041999],[-5.4675865,35.404355],[-5.4670201,35.4049357],[-5.4664278,35.4059466],[-5.4659986,35.4072233],[-5.4657412,35.4086049],[-5.4654193,35.4094094],[-5.4644752,35.4104762],[-5.4634287,35.4112078],[-5.4628444,35.4114206],[-5.4610333,35.4116855],[-5.4608349,35.4117292],[-5.4604515,35.4118235],[-5.4585097,35.4118759],[-5.4577157,35.412182],[-5.4575119,35.4125903],[-5.4568978,35.4134894],[-5.4569261,35.4139771],[-5.4553554,35.4164927],[-5.4530594,35.4182589],[-5.4527161,35.4205321],[-5.4501884,35.4224233],[-5.4497335,35.4242217],[-5.4502484,35.4258303],[-5.4480426,35.4299418],[-5.4450171,35.4313231],[-5.4450385,35.4383863],[-5.4441974,35.4394676],[-5.4397599,35.440589],[-5.4371593,35.4411633],[-5.4345028,35.4431239],[-5.4324721,35.4461496],[-5.4306718,35.4469843],[-5.4302126,35.4476136],[-5.430292,35.4486851],[-5.4298607,35.4505214],[-5.4288007,35.4529126],[-5.428201,35.4536467],[-5.4272246,35.4540784],[-5.4266485,35.4550494],[-5.4255509,35.4563681],[-5.4246057,35.4582383],[-5.4235017,35.4597231],[-5.4219536,35.4639648],[-5.4209107,35.4657125],[-5.4200932,35.4667654],[-5.4183905,35.4682098],[-5.4183819,35.4687411],[-5.4185225,35.4692566],[-5.4194666,35.4698028],[-5.4203464,35.470064],[-5.4212862,35.4707639],[-5.4215255,35.471601],[-5.4215405,35.472258],[-5.421297,35.4728574],[-5.4211189,35.4732253],[-5.4207981,35.4735573],[-5.4205706,35.4739077],[-5.4201769,35.4746783],[-5.4200159,35.4752506],[-5.420002,35.4758508],[-5.4207627,35.4766721],[-5.4214343,35.4772199],[-5.4215201,35.4775982],[-5.4205459,35.4779267],[-5.4193711,35.4783164],[-5.4192048,35.4789525],[-5.4183476,35.4793875],[-5.4174281,35.4797021],[-5.417132,35.4798462],[-5.4160302,35.4800192],[-5.415307,35.4799939],[-5.4145249,35.4795771],[-5.4139284,35.4796986],[-5.4132138,35.4804368],[-5.4122944,35.4812738],[-5.4108471,35.4818286],[-5.4097774,35.4827083],[-5.4089652,35.4835453],[-5.4083515,35.4839349],[-5.406842,35.4847517],[-5.4052659,35.4851807],[-5.4046319,35.4855362],[-5.4035772,35.4860447],[-5.4023176,35.4873192],[-5.4022704,35.4875988],[-5.4018209,35.4880959],[-5.4014143,35.488254],[-5.4006783,35.4888139],[-5.400174,35.488931],[-5.3997266,35.4895408],[-5.3993286,35.4898998],[-5.3990926,35.4903514],[-5.3990507,35.4907716],[-5.3988254,35.4911009],[-5.398407,35.4913394],[-5.3973051,35.4922584],[-5.3946058,35.4936316]]]}},{"type":"Feature","id":"relation/2533865","properties":{"osmRelationId":2533865,"name":"Bni Said بني سعيد","nameAr":"بني سعيد","nameFr":"Bni Said","adminLevel":"8","refHcp":"01.571.05.15","population":9103,"populationDate":"2014","source":"OpenStreetMap contributors","license":"ODbL 1.0"},"geometry":{"type":"Polygon","coordinates":[[[-5.1569105,35.4682241],[-5.1550329,35.4669955],[-5.1551617,35.4650381],[-5.1522327,35.4629112],[-5.1519001,35.4600746],[-5.1520729,35.4566673],[-5.152266,35.4553214],[-5.1539182,35.4542377],[-5.1539397,35.4527695],[-5.1525878,35.4511789],[-5.1514935,35.4495358],[-5.149734,35.4486268],[-5.148983,35.447071],[-5.1484894,35.4449559],[-5.1477813,35.4436797],[-5.1459145,35.4415994],[-5.1417303,35.439659],[-5.1387476,35.4378932],[-5.1348209,35.4352883],[-5.1309371,35.4338372],[-5.1270532,35.4332952],[-5.1253151,35.4322287],[-5.1231694,35.4310223],[-5.1208949,35.4301131],[-5.1197147,35.4288718],[-5.1185989,35.4279276],[-5.1176977,35.4271058],[-5.1157021,35.4260217],[-5.1140713,35.4246754],[-5.1133482,35.4231298],[-5.1155133,35.4235783],[-5.1160776,35.423274],[-5.1163019,35.421313],[-5.1173994,35.4198756],[-5.1207039,35.4188824],[-5.1241039,35.4185562],[-5.12543,35.4179057],[-5.1262185,35.416568],[-5.1260994,35.4152013],[-5.1253559,35.4138959],[-5.1242466,35.4120063],[-5.1227048,35.4103607],[-5.1229741,35.4091181],[-5.125481,35.4079354],[-5.1275789,35.4085375],[-5.1291582,35.408485],[-5.1304682,35.4074881],[-5.1302519,35.4051577],[-5.1310315,35.4039859],[-5.1320258,35.403313],[-5.1364764,35.4019553],[-5.137148,35.3994935],[-5.1361041,35.3988008],[-5.1362264,35.3970657],[-5.1385309,35.3952378],[-5.1402325,35.3954276],[-5.1442687,35.3930959],[-5.1450315,35.3914297],[-5.146393,35.3906216],[-5.1475142,35.3905534],[-5.1505011,35.3922388],[-5.1527992,35.3928502],[-5.1571122,35.3911639],[-5.159611,35.3909391],[-5.1611087,35.3873032],[-5.1596828,35.3853491],[-5.1527836,35.381366],[-5.1476805,35.3792872],[-5.1469059,35.378325],[-5.1476966,35.3771764],[-5.1497522,35.3756088],[-5.1520053,35.3750857],[-5.1538024,35.3754627],[-5.1545952,35.3759307],[-5.1566208,35.375572],[-5.1595959,35.3741111],[-5.16048,35.3724997],[-5.1624831,35.3724148],[-5.1646739,35.3736457],[-5.166427,35.3749667],[-5.1682721,35.3751423],[-5.1692948,35.3752396],[-5.1705018,35.3748065],[-5.1710404,35.3769445],[-5.1749457,35.3800237],[-5.1790977,35.3810419],[-5.1804817,35.3819131],[-5.1854599,35.382263],[-5.1905239,35.3835926],[-5.1943756,35.3855204],[-5.1974226,35.3850306],[-5.200609,35.3845023],[-5.2034415,35.3851321],[-5.2050293,35.3846422],[-5.208366,35.3870949],[-5.2107693,35.3873748],[-5.213312,35.3899253],[-5.2184189,35.3915346],[-5.2202643,35.3927591],[-5.2230721,35.3937512],[-5.2233434,35.3938471],[-5.2254034,35.3930075],[-5.2295662,35.3916431],[-5.232581,35.3903451],[-5.2349413,35.3902052],[-5.2397049,35.3934238],[-5.2421082,35.3974119],[-5.2393938,35.4022778],[-5.2328707,35.4074898],[-5.2320847,35.4095839],[-5.2245107,35.4297608],[-5.2193952,35.442845],[-5.2080656,35.4586467],[-5.1838613,35.4629811],[-5.1569105,35.4682241]]]}},{"type":"Feature","id":"relation/2533866","properties":{"osmRelationId":2533866,"name":"Al Oued الوادي","nameAr":"الوادي","nameFr":"Al Oued","adminLevel":"8","refHcp":"01.571.05.05.","population":11288,"populationDate":"2014","source":"OpenStreetMap contributors","license":"ODbL 1.0"},"geometry":{"type":"Polygon","coordinates":[[[-5.349955,35.2230799],[-5.3535728,35.2221859],[-5.3565211,35.2220316],[-5.3586668,35.2246487],[-5.3788499,35.215209],[-5.39949,35.21051],[-5.420186,35.2110172],[-5.4386245,35.2064421],[-5.4384143,35.2072652],[-5.423418,35.2262473],[-5.4268513,35.234862],[-5.4271946,35.2387493],[-5.4274521,35.241953],[-5.412303,35.2464112],[-5.4030762,35.255828],[-5.3871095,35.2704821],[-5.3826013,35.2744132],[-5.381228,35.2769025],[-5.3807559,35.2795318],[-5.3784524,35.2883289],[-5.3759333,35.2900022],[-5.3708811,35.2889367],[-5.3704168,35.2889814],[-5.3638966,35.2884141],[-5.3537879,35.2859987],[-5.3530841,35.2858008],[-5.3521593,35.2856852],[-5.3506336,35.2859007],[-5.3498311,35.2860653],[-5.3488762,35.2872791],[-5.3471883,35.2877195],[-5.3448956,35.2882125],[-5.3437779,35.2887329],[-5.3432758,35.2892145],[-5.3426986,35.2893371],[-5.3417308,35.2888152],[-5.3406751,35.2891462],[-5.3401494,35.2890184],[-5.3396966,35.2890254],[-5.338922,35.2888502],[-5.3379393,35.2890481],[-5.3372483,35.2889308],[-5.3364308,35.2890884],[-5.3341455,35.2902461],[-5.3328602,35.2891375],[-5.3327401,35.2885962],[-5.3314161,35.2875086],[-5.3311479,35.2870041],[-5.3305407,35.2866889],[-5.3302724,35.286314],[-5.3293219,35.2861511],[-5.328043,35.2861161],[-5.3242986,35.2884316],[-5.3233223,35.2887504],[-5.3209834,35.2913968],[-5.3206023,35.2916427],[-5.3142079,35.2955658],[-5.3079208,35.3008022],[-5.3007786,35.3007978],[-5.2924101,35.3120083],[-5.2885477,35.317979],[-5.2826683,35.3198033],[-5.2724974,35.323564],[-5.2614252,35.3195407],[-5.2442162,35.3184727],[-5.2379076,35.3195407],[-5.2250407,35.3174866],[-5.2221148,35.3170195],[-5.2153341,35.314218],[-5.2041732,35.3117535],[-5.2019445,35.3095254],[-5.2056353,35.3065136],[-5.2028887,35.3052528],[-5.2020574,35.2980141],[-5.2144514,35.2982103],[-5.2158907,35.2831346],[-5.2047843,35.2621687],[-5.22688,35.25201],[-5.24035,35.23776],[-5.25264,35.22485],[-5.26908,35.22169],[-5.2739704,35.2221204],[-5.3008142,35.2244829],[-5.3118649,35.2337445],[-5.3166527,35.2369967],[-5.320043,35.2376978],[-5.3256649,35.2387844],[-5.3250641,35.2326852],[-5.3289694,35.2341925],[-5.3340763,35.2342626],[-5.3350644,35.234359],[-5.3408999,35.2349286],[-5.3440846,35.2347907],[-5.3465647,35.2346833],[-5.3496975,35.2312831],[-5.3503413,35.2258144],[-5.349955,35.2230799]]]}},{"type":"Feature","id":"relation/2533870","properties":{"osmRelationId":2533870,"name":"Bni Karrich بن قريش","nameAr":"بن قريش","nameFr":"Bni Karrich","adminLevel":"8","refHcp":"01.571.05.17.","population":8499,"populationDate":"2014","source":"OpenStreetMap contributors","license":"ODbL 1.0"},"geometry":{"type":"Polygon","coordinates":[[[-5.3946058,35.4936316],[-5.3973051,35.4922584],[-5.398407,35.4913394],[-5.3988254,35.4911009],[-5.3990507,35.4907716],[-5.3990926,35.4903514],[-5.3993286,35.4898998],[-5.3997266,35.4895408],[-5.400174,35.488931],[-5.4006783,35.4888139],[-5.4014143,35.488254],[-5.4018209,35.4880959],[-5.4022704,35.4875988],[-5.4023176,35.4873192],[-5.4035772,35.4860447],[-5.4046319,35.4855362],[-5.4052659,35.4851807],[-5.406842,35.4847517],[-5.4083515,35.4839349],[-5.4089652,35.4835453],[-5.4097774,35.4827083],[-5.4108471,35.4818286],[-5.4122944,35.4812738],[-5.4132138,35.4804368],[-5.4139284,35.4796986],[-5.4145249,35.4795771],[-5.415307,35.4799939],[-5.4160302,35.4800192],[-5.417132,35.4798462],[-5.4174281,35.4797021],[-5.4183476,35.4793875],[-5.4192048,35.4789525],[-5.4193711,35.4783164],[-5.4205459,35.4779267],[-5.4215201,35.4775982],[-5.4214343,35.4772199],[-5.4207627,35.4766721],[-5.420002,35.4758508],[-5.4200159,35.4752506],[-5.4201769,35.4746783],[-5.4205706,35.4739077],[-5.4219267,35.4746696],[-5.4226745,35.4749981],[-5.423697,35.4753712],[-5.4247913,35.4759574],[-5.4256142,35.4762029],[-5.4267429,35.476078],[-5.4274918,35.4759941],[-5.427995,35.4760046],[-5.4286172,35.4756219],[-5.4292624,35.4752358],[-5.4299058,35.475241],[-5.4301815,35.4754201],[-5.430513,35.4757425],[-5.430954,35.4763436],[-5.4316771,35.4772121],[-5.4321846,35.4775484],[-5.4365212,35.4789],[-5.440287,35.4803599],[-5.4405509,35.4810877],[-5.4403117,35.4818556],[-5.4398535,35.48242],[-5.438859,35.4830805],[-5.4373065,35.4833155],[-5.436004,35.4839366],[-5.4350717,35.4847343],[-5.4344398,35.4854524],[-5.4340396,35.4863164],[-5.4342617,35.4870799],[-5.4352324,35.488056],[-5.4377386,35.4880883],[-5.4400174,35.4878987],[-5.4409787,35.4883678],[-5.4433863,35.4911659],[-5.444781,35.4930178],[-5.4467766,35.498975],[-5.4479739,35.5006145],[-5.4513042,35.5033771],[-5.4509995,35.5039859],[-5.4472444,35.5051563],[-5.4461715,35.5062917],[-5.4469869,35.5077589],[-5.447828,35.5093336],[-5.4469654,35.5103266],[-5.444133,35.5137325],[-5.4407684,35.5172283],[-5.4400346,35.5187975],[-5.4402749,35.5222057],[-5.4409358,35.5256086],[-5.4406826,35.5280211],[-5.4401419,35.5312141],[-5.4401633,35.5356843],[-5.438318,35.5359288],[-5.4339449,35.5364902],[-5.4326051,35.5377514],[-5.4319373,35.5387057],[-5.4316412,35.5401959],[-5.4316911,35.542151],[-5.4318541,35.5440855],[-5.4317297,35.5443583],[-5.4299449,35.546195],[-5.4295517,35.5470907],[-5.4297432,35.5473312],[-5.4297792,35.5477615],[-5.4291623,35.5487999],[-5.4295807,35.5496545],[-5.4295201,35.5501193],[-5.4293173,35.5506897],[-5.4285792,35.5514256],[-5.4282938,35.5519],[-5.4281001,35.5523552],[-5.4280534,35.5530723],[-5.4283715,35.5536593],[-5.4285647,35.5538731],[-5.428883,35.55425],[-5.4285636,35.5544551],[-5.4275851,35.5549053],[-5.4265637,35.5542092],[-5.4259549,35.5536475],[-5.4233172,35.5509228],[-5.4231133,35.5502904],[-5.4228505,35.5499748],[-5.4228221,35.5497182],[-5.4228918,35.5493258],[-5.4226976,35.5483167],[-5.4221215,35.5464172],[-5.421909,35.5460178],[-5.421622,35.5456979],[-5.4208549,35.5452715],[-5.4202831,35.5447717],[-5.4197134,35.5444029],[-5.4194001,35.5440449],[-5.4185439,35.5437119],[-5.4180193,35.543189],[-5.4176245,35.5431711],[-5.4167388,35.5435443],[-5.4164314,35.5439061],[-5.416094,35.5447027],[-5.4158773,35.5450982],[-5.415881,35.5454831],[-5.4159138,35.5462771],[-5.4158628,35.5467035],[-5.4158751,35.5469829],[-5.4162678,35.5472657],[-5.4162056,35.5475215],[-5.4158167,35.547727],[-5.4154342,35.5482787],[-5.4148205,35.5485415],[-5.4142132,35.5490543],[-5.413591,35.5503314],[-5.4135105,35.5508499],[-5.413886,35.5524303],[-5.4137337,35.5528558],[-5.4129016,35.5528868],[-5.4122461,35.5532791],[-5.4117697,35.5532359],[-5.4113567,35.5525952],[-5.4104995,35.5519301],[-5.4101298,35.5510315],[-5.4097404,35.5499203],[-5.4097828,35.5490744],[-5.4096862,35.5485262],[-5.4097565,35.5480396],[-5.409587,35.5475979],[-5.4095886,35.5470492],[-5.4092957,35.5468646],[-5.4088982,35.5467851],[-5.4086139,35.5468436],[-5.4082598,35.5470933],[-5.4078355,35.5472657],[-5.4073393,35.5474468],[-5.406923,35.5475044],[-5.4062921,35.547466],[-5.4054708,35.5470654],[-5.4049323,35.546865],[-5.4040219,35.5468986],[-5.4035692,35.5467432],[-5.403596,35.5462326],[-5.4034002,35.5452265],[-5.4031738,35.5449345],[-5.4028755,35.5451475],[-5.4025408,35.5449319],[-5.402073,35.5439245],[-5.4005452,35.5427067],[-5.3984842,35.5418852],[-5.3977257,35.5415578],[-5.3976002,35.5412444],[-5.3973663,35.5410698],[-5.3970777,35.5413465],[-5.3966582,35.5415037],[-5.3963374,35.5418014],[-5.3955821,35.5422213],[-5.3947678,35.5429493],[-5.3943901,35.5430611],[-5.3938354,35.5431449],[-5.3934256,35.5432043],[-5.3938333,35.5421741],[-5.3943397,35.5408123],[-5.3950607,35.5391186],[-5.3952559,35.5375402],[-5.3954684,35.5359966],[-5.3961035,35.5341352],[-5.3957001,35.5336149],[-5.3957473,35.5312313],[-5.3953825,35.5305258],[-5.3957258,35.5283797],[-5.3952774,35.5255821],[-5.3961014,35.5257829],[-5.3973716,35.5261636],[-5.3983651,35.5261217],[-5.3991505,35.5257916],[-5.3999165,35.5259017],[-5.4012212,35.5260187],[-5.4010195,35.5253411],[-5.4005409,35.5246425],[-5.4006976,35.5242094],[-5.4005088,35.5233555],[-5.400556,35.5227442],[-5.4006847,35.5212126],[-5.4027253,35.5200914],[-5.4041952,35.519047],[-5.405296,35.5173267],[-5.4057144,35.5156605],[-5.4039892,35.5118651],[-5.4032167,35.5100189],[-5.4026052,35.5089167],[-5.4013199,35.5076119],[-5.4003028,35.5060835],[-5.3992535,35.5038878],[-5.3986548,35.5001984],[-5.397303,35.4974802],[-5.3955113,35.4947846],[-5.3946058,35.4936316]]]}},{"type":"Feature","id":"relation/2533871","properties":{"osmRelationId":2533871,"name":"Al Hamra الحمراء","nameAr":"الحمراء","nameFr":"Al Hamra","adminLevel":"8","refHcp":"01.571.05.01.","population":11118,"populationDate":"2014","source":"OpenStreetMap contributors","license":"ODbL 1.0"},"geometry":{"type":"Polygon","coordinates":[[[-5.4355852,35.3600227],[-5.433343,35.3618678],[-5.4341125,35.3631621],[-5.4327382,35.3650466],[-5.4316878,35.3662243],[-5.4306149,35.3669242],[-5.4302491,35.3676364],[-5.4297996,35.3680616],[-5.428275,35.3692461],[-5.4271173,35.3696363],[-5.4260659,35.3704062],[-5.4302073,35.3723834],[-5.4308295,35.3728733],[-5.4320086,35.3732521],[-5.4335117,35.3729607],[-5.4356993,35.373777],[-5.4368151,35.3737245],[-5.4372332,35.373639],[-5.4378891,35.3734856],[-5.4381895,35.3736956],[-5.4379309,35.3743543],[-5.4371166,35.3753228],[-5.4358506,35.3761976],[-5.4345202,35.3772123],[-5.4337907,35.3773523],[-5.4320945,35.3772412],[-5.431794,35.3773811],[-5.4308081,35.3775797],[-5.430336,35.3776847],[-5.430057,35.3779296],[-5.4299927,35.3785245],[-5.4298425,35.3789969],[-5.4295421,35.3796792],[-5.4288983,35.3800291],[-5.4280615,35.3808688],[-5.4279102,35.3811426],[-5.4278255,35.3814637],[-5.4271857,35.3815484],[-5.4266667,35.381936],[-5.4258728,35.3838779],[-5.4252505,35.38491],[-5.424006,35.3873767],[-5.4233193,35.3880414],[-5.4227614,35.3888286],[-5.4221392,35.3898082],[-5.420959,35.3919074],[-5.4208517,35.3932193],[-5.4209805,35.3940064],[-5.4210448,35.3954233],[-5.4212594,35.395948],[-5.4209375,35.3977147],[-5.4215598,35.3984318],[-5.4226112,35.4032242],[-5.4196061,35.4078528],[-5.4192628,35.4080802],[-5.4157662,35.4071419],[-5.4129982,35.4063724],[-5.4124618,35.4064423],[-5.4121614,35.4065472],[-5.4117107,35.4065997],[-5.4102302,35.4065298],[-5.409801,35.4066172],[-5.4090285,35.4068795],[-5.4086208,35.406967],[-5.4080844,35.406932],[-5.4070759,35.4065647],[-5.4059601,35.4063374],[-5.4048014,35.4084885],[-5.4035997,35.4102724],[-5.4010034,35.4125284],[-5.4001225,35.4116828],[-5.3995228,35.4112692],[-5.3989209,35.4110183],[-5.3984928,35.4110419],[-5.3978276,35.4110769],[-5.397141,35.4111118],[-5.3960241,35.4109133],[-5.3955746,35.4106222],[-5.3952098,35.4105522],[-5.3939009,35.4105347],[-5.3929782,35.4102199],[-5.3932142,35.4098352],[-5.3934288,35.409258],[-5.3937507,35.4088208],[-5.3940725,35.408576],[-5.394094,35.4082787],[-5.3936863,35.4084361],[-5.3931488,35.4088497],[-5.3926563,35.409258],[-5.3911109,35.4099987],[-5.3902531,35.4114791],[-5.3891997,35.4123181],[-5.387485,35.4109195],[-5.3772342,35.4042441],[-5.3768849,35.404396],[-5.3759408,35.4048857],[-5.3759193,35.4054804],[-5.3751683,35.405253],[-5.3745675,35.4053055],[-5.374074,35.4050082],[-5.3736877,35.4050956],[-5.3732764,35.4048532],[-5.3726739,35.4050896],[-5.372485,35.4045123],[-5.3718484,35.4037761],[-5.3711195,35.4027047],[-5.3703404,35.4025756],[-5.3696251,35.4024666],[-5.3676152,35.4016676],[-5.3659844,35.4029094],[-5.3648257,35.4037314],[-5.3639674,35.4041687],[-5.3623796,35.4050432],[-5.3614354,35.4053055],[-5.3597231,35.4056168],[-5.3573735,35.4058809],[-5.3508608,35.4025569],[-5.3422777,35.4052853],[-5.3290598,35.4064746],[-5.3201334,35.407314],[-5.3125639,35.4093238],[-5.3129164,35.3997557],[-5.3072588,35.3649092],[-5.280265,35.3518229],[-5.2724974,35.323564],[-5.2826683,35.3198033],[-5.2885477,35.317979],[-5.2924101,35.3120083],[-5.3007786,35.3007978],[-5.3079208,35.3008022],[-5.3142079,35.2955658],[-5.3206023,35.2916427],[-5.3209834,35.2913968],[-5.3233223,35.2887504],[-5.3242986,35.2884316],[-5.328043,35.2861161],[-5.3293219,35.2861511],[-5.3302724,35.286314],[-5.3305407,35.2866889],[-5.3311479,35.2870041],[-5.3314161,35.2875086],[-5.3327401,35.2885962],[-5.3328602,35.2891375],[-5.3341455,35.2902461],[-5.3364308,35.2890884],[-5.3372483,35.2889308],[-5.3379393,35.2890481],[-5.338922,35.2888502],[-5.3396966,35.2890254],[-5.3401494,35.2890184],[-5.3406751,35.2891462],[-5.3417308,35.2888152],[-5.3426986,35.2893371],[-5.3432758,35.2892145],[-5.3437779,35.2887329],[-5.3448956,35.2882125],[-5.3471883,35.2877195],[-5.3488762,35.2872791],[-5.3498311,35.2860653],[-5.3506336,35.2859007],[-5.3521593,35.2856852],[-5.3530841,35.2858008],[-5.3537879,35.2859987],[-5.3638966,35.2884141],[-5.3704168,35.2889814],[-5.3708811,35.2889367],[-5.3759333,35.2900022],[-5.37534,35.291191],[-5.3742886,35.2932927],[-5.3731941,35.2954757],[-5.3721106,35.2976711],[-5.3712318,35.2994443],[-5.3711021,35.3013662],[-5.3709626,35.3034064],[-5.3707749,35.3059105],[-5.3711772,35.3059805],[-5.37166,35.3059192],[-5.3719389,35.3059236],[-5.3727168,35.3060331],[-5.3729689,35.3060768],[-5.3734732,35.3062826],[-5.3742671,35.3066853],[-5.3747874,35.3067554],[-5.3748395,35.3069857],[-5.3753561,35.3076835],[-5.3756887,35.3078323],[-5.3758979,35.3079811],[-5.3763914,35.3086422],[-5.3768474,35.3089355],[-5.3771371,35.308826],[-5.377714,35.3083525],[-5.3780437,35.3082351],[-5.3781522,35.3082506],[-5.3783655,35.3084058],[-5.3787249,35.3082963],[-5.3788435,35.3083611],[-5.3805006,35.3094871],[-5.3813374,35.3101174],[-5.3824961,35.3111418],[-5.3855324,35.3123587],[-5.3874636,35.3131641],[-5.3883326,35.3133918],[-5.3907765,35.3144238],[-5.3934073,35.3149939],[-5.3939652,35.3149939],[-5.39433,35.3152302],[-5.3946841,35.3157293],[-5.3960252,35.3168848],[-5.3974414,35.3183906],[-5.3989177,35.3197708],[-5.3993618,35.3203252],[-5.3994584,35.3205791],[-5.3995335,35.3210168],[-5.3996408,35.3216821],[-5.4003489,35.3227851],[-5.4006171,35.323249],[-5.4009068,35.3234854],[-5.401336,35.3242032],[-5.4015827,35.3248859],[-5.4012287,35.3250085],[-5.4008102,35.3252011],[-5.4002845,35.3255512],[-5.4000807,35.3256475],[-5.3995764,35.3258751],[-5.3989971,35.3262602],[-5.3984606,35.3266804],[-5.3979564,35.327013],[-5.3977311,35.3272406],[-5.3975916,35.3274507],[-5.3972912,35.327722],[-5.3969371,35.3278008],[-5.3964436,35.3282297],[-5.3961003,35.3284048],[-5.395478,35.3285273],[-5.3949094,35.3286149],[-5.3946733,35.3287987],[-5.3949201,35.3290438],[-5.3954566,35.3290175],[-5.3955531,35.3293326],[-5.3959528,35.329461],[-5.395864,35.3297045],[-5.3961861,35.329849],[-5.3964651,35.3300241],[-5.3967118,35.3297177],[-5.3969371,35.3296215],[-5.3972912,35.329779],[-5.397495,35.3301379],[-5.3979671,35.3300854],[-5.3980207,35.3302079],[-5.3983104,35.3305143],[-5.3987503,35.3307856],[-5.3993297,35.3311532],[-5.3998339,35.3312758],[-5.4000485,35.3312232],[-5.4003382,35.331127],[-5.4008424,35.3311882],[-5.4010785,35.3314421],[-5.4014218,35.3316696],[-5.4017115,35.3317747],[-5.4019475,35.3319497],[-5.4023981,35.3320985],[-5.4026663,35.3324049],[-5.4028916,35.3325449],[-5.4030848,35.3326499],[-5.4036748,35.3329563],[-5.4048657,35.3331313],[-5.4051661,35.3331576],[-5.4055631,35.3332014],[-5.4059923,35.3333064],[-5.4062712,35.3335252],[-5.4068077,35.3336652],[-5.4074514,35.3337003],[-5.407902,35.333604],[-5.4084706,35.3336127],[-5.408932,35.333709],[-5.4093719,35.3337615],[-5.4098117,35.3336915],[-5.4102516,35.3335952],[-5.4110885,35.3333064],[-5.4116356,35.3330613],[-5.412215,35.3329388],[-5.41273,35.3329038],[-5.4134166,35.333],[-5.4139853,35.3332189],[-5.4142749,35.3332801],[-5.4146504,35.3334552],[-5.4163992,35.3337265],[-5.4167318,35.3340854],[-5.4173219,35.3358183],[-5.417794,35.3367198],[-5.4182017,35.3375338],[-5.4190063,35.339643],[-5.4192424,35.3400194],[-5.4197037,35.3403257],[-5.4201114,35.340527],[-5.4208517,35.3406582],[-5.421195,35.3408683],[-5.4214633,35.3414021],[-5.42171,35.3416297],[-5.4220212,35.3418222],[-5.4225683,35.3420498],[-5.4234588,35.3427061],[-5.4235339,35.3429512],[-5.4241884,35.3436163],[-5.4245317,35.3437476],[-5.4248857,35.3440801],[-5.4251647,35.3440451],[-5.4253793,35.3441851],[-5.425508,35.3443952],[-5.4257011,35.3446752],[-5.4257655,35.3450428],[-5.4259157,35.3453228],[-5.4263191,35.3455938],[-5.4266667,35.3456029],[-5.4270315,35.3455503],[-5.4273534,35.3456904],[-5.4275465,35.3458479],[-5.427804,35.3459354],[-5.4286194,35.3461279],[-5.4290056,35.3464605],[-5.4293533,35.346627],[-5.4299498,35.346793],[-5.4302502,35.346898],[-5.4306793,35.3472131],[-5.4309154,35.3473531],[-5.4313016,35.3473531],[-5.4320097,35.3472481],[-5.4329967,35.3471606],[-5.4342198,35.3473181],[-5.4345846,35.3478256],[-5.4343271,35.3487708],[-5.433898,35.3497684],[-5.4338765,35.3500659],[-5.4350567,35.3499609],[-5.4355717,35.3498559],[-5.4360652,35.3498909],[-5.4378033,35.350906],[-5.4380393,35.3510285],[-5.4386401,35.351116],[-5.4400134,35.351851],[-5.4402924,35.3522885],[-5.4403567,35.3527786],[-5.4409575,35.3532511],[-5.4421163,35.3539511],[-5.4429102,35.3545462],[-5.4444981,35.3558587],[-5.4453135,35.3561562],[-5.4463863,35.3566637],[-5.4473948,35.3571012],[-5.448854,35.3581162],[-5.4497123,35.3587287],[-5.4508002,35.3598093],[-5.4515287,35.3604489],[-5.4355852,35.3600227]]]}},{"type":"Feature","id":"relation/2533872","properties":{"osmRelationId":2533872,"name":"Bni Leit بني ليت","nameAr":"بني ليت","nameFr":"Bni Leit","adminLevel":"8","refHcp":"01.571.05.13.","population":5324,"populationDate":"2014","source":"OpenStreetMap contributors","license":"ODbL 1.0"},"geometry":{"type":"Polygon","coordinates":[[[-5.474166,35.3630213],[-5.4732728,35.3626397],[-5.4730164,35.3622399],[-5.4713395,35.361805],[-5.4698868,35.3616423],[-5.4679502,35.3617105],[-5.4667915,35.3618838],[-5.4657197,35.362141],[-5.4646672,35.362603],[-5.4633572,35.3631726],[-5.4624796,35.3639591],[-5.4616685,35.3648944],[-5.4614335,35.3653441],[-5.4607426,35.3662216],[-5.4600978,35.3663284],[-5.4576645,35.3659977],[-5.4565777,35.3656503],[-5.4355852,35.3600227],[-5.4515287,35.3604489],[-5.4508002,35.3598093],[-5.4497123,35.3587287],[-5.448854,35.3581162],[-5.4473948,35.3571012],[-5.4463863,35.3566637],[-5.4453135,35.3561562],[-5.4444981,35.3558587],[-5.4429102,35.3545462],[-5.4421163,35.3539511],[-5.4409575,35.3532511],[-5.4403567,35.3527786],[-5.4402924,35.3522885],[-5.4400134,35.351851],[-5.4386401,35.351116],[-5.4380393,35.3510285],[-5.4378033,35.350906],[-5.4360652,35.3498909],[-5.4355717,35.3498559],[-5.4350567,35.3499609],[-5.4338765,35.3500659],[-5.433898,35.3497684],[-5.4343271,35.3487708],[-5.4345846,35.3478256],[-5.4342198,35.3473181],[-5.4329967,35.3471606],[-5.4320097,35.3472481],[-5.4313016,35.3473531],[-5.4309154,35.3473531],[-5.4306793,35.3472131],[-5.4302502,35.346898],[-5.4299498,35.346793],[-5.4293533,35.346627],[-5.4290056,35.3464605],[-5.4286194,35.3461279],[-5.427804,35.3459354],[-5.4275465,35.3458479],[-5.4273534,35.3456904],[-5.4270315,35.3455503],[-5.4266667,35.3456029],[-5.4263191,35.3455938],[-5.4259157,35.3453228],[-5.4257655,35.3450428],[-5.4257011,35.3446752],[-5.425508,35.3443952],[-5.4253793,35.3441851],[-5.4251647,35.3440451],[-5.4248857,35.3440801],[-5.4245317,35.3437476],[-5.4241884,35.3436163],[-5.4235339,35.3429512],[-5.4234588,35.3427061],[-5.4225683,35.3420498],[-5.4220212,35.3418222],[-5.42171,35.3416297],[-5.4214633,35.3414021],[-5.421195,35.3408683],[-5.4208517,35.3406582],[-5.4201114,35.340527],[-5.4197037,35.3403257],[-5.4192424,35.3400194],[-5.4190063,35.339643],[-5.4182017,35.3375338],[-5.417794,35.3367198],[-5.4173219,35.3358183],[-5.4167318,35.3340854],[-5.4163992,35.3337265],[-5.4146504,35.3334552],[-5.4142749,35.3332801],[-5.4139853,35.3332189],[-5.4134166,35.333],[-5.41273,35.3329038],[-5.412215,35.3329388],[-5.4116356,35.3330613],[-5.4110885,35.3333064],[-5.4102516,35.3335952],[-5.4098117,35.3336915],[-5.4093719,35.3337615],[-5.408932,35.333709],[-5.4084706,35.3336127],[-5.407902,35.333604],[-5.4074514,35.3337003],[-5.4068077,35.3336652],[-5.4062712,35.3335252],[-5.4059923,35.3333064],[-5.4055631,35.3332014],[-5.4051661,35.3331576],[-5.4048657,35.3331313],[-5.4036748,35.3329563],[-5.4030848,35.3326499],[-5.4028916,35.3325449],[-5.4026663,35.3324049],[-5.4023981,35.3320985],[-5.4019475,35.3319497],[-5.4017115,35.3317747],[-5.4014218,35.3316696],[-5.4010785,35.3314421],[-5.4008424,35.3311882],[-5.4003382,35.331127],[-5.4000485,35.3312232],[-5.3998339,35.3312758],[-5.3993297,35.3311532],[-5.3987503,35.3307856],[-5.3983104,35.3305143],[-5.3980207,35.3302079],[-5.3979671,35.3300854],[-5.397495,35.3301379],[-5.3972912,35.329779],[-5.3969371,35.3296215],[-5.3967118,35.3297177],[-5.3964651,35.3300241],[-5.3961861,35.329849],[-5.395864,35.3297045],[-5.3959528,35.329461],[-5.3955531,35.3293326],[-5.3954566,35.3290175],[-5.3949201,35.3290438],[-5.3946733,35.3287987],[-5.3949094,35.3286149],[-5.395478,35.3285273],[-5.3961003,35.3284048],[-5.3964436,35.3282297],[-5.3969371,35.3278008],[-5.3972912,35.327722],[-5.3975916,35.3274507],[-5.3977311,35.3272406],[-5.3979564,35.327013],[-5.3984606,35.3266804],[-5.3989971,35.3262602],[-5.3995764,35.3258751],[-5.4000807,35.3256475],[-5.4002845,35.3255512],[-5.4008102,35.3252011],[-5.4012287,35.3250085],[-5.4015827,35.3248859],[-5.401336,35.3242032],[-5.4009068,35.3234854],[-5.4006171,35.323249],[-5.4003489,35.3227851],[-5.3996408,35.3216821],[-5.3995335,35.3210168],[-5.3994584,35.3205791],[-5.3993618,35.3203252],[-5.3989177,35.3197708],[-5.3974414,35.3183906],[-5.3960252,35.3168848],[-5.3946841,35.3157293],[-5.39433,35.3152302],[-5.3939652,35.3149939],[-5.3934073,35.3149939],[-5.3907765,35.3144238],[-5.3883326,35.3133918],[-5.3874636,35.3131641],[-5.3855324,35.3123587],[-5.3824961,35.3111418],[-5.3813374,35.3101174],[-5.3805006,35.3094871],[-5.3788435,35.3083611],[-5.3787249,35.3082963],[-5.3783655,35.3084058],[-5.3781522,35.3082506],[-5.3780437,35.3082351],[-5.377714,35.3083525],[-5.3771371,35.308826],[-5.3768474,35.3089355],[-5.3763914,35.3086422],[-5.3758979,35.3079811],[-5.3756887,35.3078323],[-5.3753561,35.3076835],[-5.3748395,35.3069857],[-5.3747874,35.3067554],[-5.3742671,35.3066853],[-5.3734732,35.3062826],[-5.3729689,35.3060768],[-5.3727168,35.3060331],[-5.3719389,35.3059236],[-5.37166,35.3059192],[-5.3711772,35.3059805],[-5.3707749,35.3059105],[-5.3709626,35.3034064],[-5.3711021,35.3013662],[-5.3712318,35.2994443],[-5.3721106,35.2976711],[-5.3731941,35.2954757],[-5.3742886,35.2932927],[-5.37534,35.291191],[-5.3759333,35.2900022],[-5.3784524,35.2883289],[-5.3807559,35.2795318],[-5.381228,35.2769025],[-5.3826013,35.2744132],[-5.3871095,35.2704821],[-5.4030762,35.255828],[-5.412303,35.2464112],[-5.4274521,35.241953],[-5.4362068,35.2399638],[-5.4384384,35.2402828],[-5.4465923,35.2407069],[-5.4578791,35.2407034],[-5.4619131,35.2410154],[-5.4724703,35.2408401],[-5.4765805,35.2406622],[-5.4787504,35.2407319],[-5.4823258,35.2411832],[-5.4847339,35.2414364],[-5.489026,35.2417352],[-5.4935428,35.2426338],[-5.4942075,35.2431125],[-5.4944301,35.2438053],[-5.4944623,35.247941],[-5.4939902,35.2501052],[-5.4939473,35.2521203],[-5.4921877,35.2570528],[-5.4913509,35.2580515],[-5.4900742,35.2602067],[-5.4892051,35.2620814],[-5.4884756,35.2630187],[-5.4877138,35.2647795],[-5.4847848,35.2686776],[-5.4835081,35.2705171],[-5.4799247,35.2751332],[-5.4788303,35.2762981],[-5.4780042,35.2766572],[-5.4765451,35.2789345],[-5.4727256,35.2837953],[-5.4712558,35.2853016],[-5.4681766,35.2883931],[-5.4676723,35.2914319],[-5.4673076,35.2923426],[-5.4667497,35.2942253],[-5.4660308,35.2979469],[-5.4656231,35.2989276],[-5.4653013,35.3000834],[-5.4647326,35.3056347],[-5.4641747,35.3118422],[-5.4638529,35.3116408],[-5.4622221,35.3116496],[-5.4610956,35.311632],[-5.4604304,35.311597],[-5.4599047,35.3116058],[-5.4596472,35.311632],[-5.459336,35.3116145],[-5.4589176,35.311527],[-5.4583383,35.3115007],[-5.4579949,35.3115795],[-5.4572976,35.3116583],[-5.456965,35.3116933],[-5.4563749,35.3117459],[-5.4558921,35.3119385],[-5.4575872,35.3145999],[-5.4621148,35.321008],[-5.4645181,35.3243607],[-5.4662025,35.3267417],[-5.4667389,35.3273719],[-5.4674041,35.328256],[-5.4680049,35.3292976],[-5.468359,35.3301641],[-5.468992,35.3310044],[-5.4696679,35.3322736],[-5.4702258,35.3339803],[-5.4713631,35.3338753],[-5.475837,35.3332014],[-5.4801393,35.332755],[-5.4824996,35.3324574],[-5.4828215,35.3325624],[-5.4832399,35.3329388],[-5.4833686,35.3332276],[-5.4836369,35.333674],[-5.4860508,35.3371924],[-5.4894948,35.3433537],[-5.4904711,35.344964],[-5.4910934,35.3461454],[-5.4914796,35.346793],[-5.4922307,35.3476944],[-5.4926491,35.3512647],[-5.4926491,35.3521223],[-5.4929388,35.3538724],[-5.4934001,35.3561474],[-5.4875314,35.357845],[-5.4835403,35.3589999],[-5.4829609,35.3591837],[-5.4823816,35.3597087],[-5.482049,35.3597962],[-5.4814482,35.3600237],[-5.4811907,35.3601724],[-5.4804504,35.3605311],[-5.4800856,35.3606624],[-5.4794312,35.3607411],[-5.4788625,35.3608461],[-5.4786479,35.3611086],[-5.4783154,35.3611786],[-5.4776824,35.3611874],[-5.4772317,35.3613624],[-5.4769421,35.3617648],[-5.4766417,35.3619836],[-5.4763627,35.3620536],[-5.4759532,35.3622956],[-5.4754937,35.362456],[-5.4750431,35.3624998],[-5.4748006,35.3627745],[-5.474497,35.3629403],[-5.474166,35.3630213]]]}},{"type":"Feature","id":"relation/2533873","properties":{"osmRelationId":2533873,"name":"Oulad Ali Mansour أولاد علي منصور","nameAr":"أولاد علي منصور","nameFr":"Oulad Ali Mansour","adminLevel":"8","refHcp":"01.571.05.19","population":5306,"populationDate":"2014","source":"OpenStreetMap contributors","license":"ODbL 1.0"},"geometry":{"type":"Polygon","coordinates":[[[-5.2724974,35.323564],[-5.280265,35.3518229],[-5.3072588,35.3649092],[-5.3129164,35.3997557],[-5.2983251,35.4035336],[-5.2851415,35.4022079],[-5.2696577,35.402834],[-5.2617915,35.4047183],[-5.2570406,35.4058423],[-5.2461401,35.4087315],[-5.2393938,35.4022778],[-5.2421082,35.3974119],[-5.2397049,35.3934238],[-5.2349413,35.3902052],[-5.232581,35.3903451],[-5.2295662,35.3916431],[-5.2254034,35.3930075],[-5.2233434,35.3938471],[-5.2230721,35.3937512],[-5.2202643,35.3927591],[-5.2184189,35.3915346],[-5.213312,35.3899253],[-5.2107693,35.3873748],[-5.208366,35.3870949],[-5.2050293,35.3846422],[-5.2034415,35.3851321],[-5.200609,35.3845023],[-5.1974226,35.3850306],[-5.1943756,35.3855204],[-5.1905239,35.3835926],[-5.1854599,35.382263],[-5.1804817,35.3819131],[-5.1790977,35.3810419],[-5.1749457,35.3800237],[-5.1710404,35.3769445],[-5.1705018,35.3748065],[-5.1721476,35.3748661],[-5.1736271,35.37328],[-5.1746013,35.3715102],[-5.1769155,35.3668839],[-5.176319,35.3654771],[-5.1761023,35.3649084],[-5.1774852,35.3624174],[-5.1777749,35.3607795],[-5.1792683,35.3591197],[-5.1776043,35.3575639],[-5.1760368,35.3559286],[-5.178454,35.3529649],[-5.1797404,35.3519332],[-5.1827423,35.3536693],[-5.1848784,35.3534356],[-5.1871562,35.3517827],[-5.1869845,35.3499433],[-5.1862249,35.3449963],[-5.1868343,35.3441947],[-5.1896324,35.3435217],[-5.1909445,35.3431305],[-5.1913469,35.3419184],[-5.1898116,35.3394408],[-5.1926375,35.3345246],[-5.1901956,35.3276544],[-5.1920882,35.3246302],[-5.1927008,35.3226458],[-5.1947661,35.3208066],[-5.1965428,35.3198384],[-5.1979054,35.3178425],[-5.2009803,35.3162159],[-5.2027012,35.3143293],[-5.2041732,35.3117535],[-5.2153341,35.314218],[-5.2221148,35.3170195],[-5.2250407,35.3174866],[-5.2379076,35.3195407],[-5.2442162,35.3184727],[-5.2614252,35.3195407],[-5.2724974,35.323564]]]}},{"type":"Feature","id":"relation/2563431","properties":{"osmRelationId":2563431,"name":"Ain Lahcen عين لحسن","nameAr":"عين لحسن","nameFr":"Ain Lahcen","adminLevel":"8","refHcp":"01.571.03.01.","population":6742,"populationDate":"2014","source":"OpenStreetMap contributors","license":"ODbL 1.0"},"geometry":{"type":"Polygon","coordinates":[[[-5.5336763,35.5023497],[-5.5419418,35.5037751],[-5.5410835,35.506011],[-5.5391094,35.5095045],[-5.5397102,35.5143253],[-5.5458042,35.5183074],[-5.551984,35.520962],[-5.5604813,35.5225687],[-5.5629703,35.533745],[-5.564172,35.5401706],[-5.568206,35.5412881],[-5.5709526,35.5354911],[-5.5731842,35.5329767],[-5.5855438,35.5410087],[-5.60168,35.553579],[-5.6152412,35.5591652],[-5.6275751,35.5656062],[-5.6383039,35.5713312],[-5.6440546,35.5760784],[-5.6493718,35.5827101],[-5.6555516,35.5806159],[-5.6613881,35.5790104],[-5.6665379,35.5785217],[-5.6706578,35.5820818],[-5.6712629,35.5945619],[-5.6596356,35.5893827],[-5.6531125,35.591337],[-5.6292859,35.6038645],[-5.6129437,35.6107381],[-5.6001034,35.6147503],[-5.5873463,35.6210756],[-5.5753815,35.622485],[-5.5743601,35.6204617],[-5.5831148,35.6164148],[-5.588093,35.6122282],[-5.5892946,35.6098557],[-5.5827972,35.5990949],[-5.5776474,35.5961637],[-5.5719568,35.591292],[-5.5641943,35.5794161],[-5.5604864,35.5753235],[-5.5621151,35.5707491],[-5.5416166,35.569934],[-5.5402583,35.5695692],[-5.5392262,35.5698362],[-5.537589,35.5699828],[-5.5365933,35.5695151],[-5.5361212,35.5682165],[-5.5359496,35.5671151],[-5.5350977,35.5646558],[-5.5308856,35.5663716],[-5.505808,35.5600283],[-5.4995432,35.5599573],[-5.4983906,35.5608337],[-5.4779466,35.5606363],[-5.476937,35.5605834],[-5.4774989,35.5588989],[-5.4783546,35.5570258],[-5.4786083,35.5565705],[-5.4786587,35.5559885],[-5.4788196,35.555299],[-5.47898,35.5550541],[-5.4795859,35.5547479],[-5.4791147,35.5541343],[-5.4786935,35.5537164],[-5.4785782,35.5531801],[-5.4783663,35.5522745],[-5.4787011,35.5519118],[-5.480032,35.5512401],[-5.4806006,35.5510743],[-5.4817271,35.5505418],[-5.4819739,35.5503672],[-5.482446,35.5499133],[-5.4826927,35.5494332],[-5.4822206,35.5469541],[-5.4834759,35.5469017],[-5.4842371,35.5467092],[-5.4849672,35.5463168],[-5.4856971,35.5456344],[-5.4865551,35.5447193],[-5.4871446,35.5442562],[-5.4877777,35.5438459],[-5.4889369,35.5434273],[-5.4901814,35.5430607],[-5.4914367,35.5426678],[-5.4925203,35.5423099],[-5.493046,35.5423012],[-5.4933894,35.5422924],[-5.4940975,35.5425631],[-5.4946876,35.542694],[-5.495106,35.5425107],[-5.4953742,35.5422837],[-5.4961165,35.5406779],[-5.4968757,35.5389746],[-5.4973054,35.5383814],[-5.4977989,35.5381369],[-5.4984314,35.5380754],[-5.4994929,35.5382985],[-5.4999871,35.5382849],[-5.5005348,35.5383814],[-5.5012858,35.5386433],[-5.5023474,35.5387563],[-5.5028737,35.5386607],[-5.5033243,35.5384512],[-5.5037642,35.5380932],[-5.5043864,35.5372377],[-5.5047083,35.5365654],[-5.504815,35.5363293],[-5.5050945,35.5359979],[-5.5054389,35.5358582],[-5.5061138,35.5356487],[-5.5069721,35.5351598],[-5.5072719,35.5347054],[-5.5073363,35.5338061],[-5.5073476,35.5326104],[-5.5075514,35.531973],[-5.5078871,35.531275],[-5.5082166,35.5303578],[-5.5082483,35.5299382],[-5.5085058,35.5290913],[-5.5085599,35.5282535],[-5.5085492,35.5273542],[-5.5087745,35.5271097],[-5.5090363,35.527035],[-5.510416,35.5270311],[-5.5117249,35.5269613],[-5.5121112,35.526839],[-5.5124111,35.5265854],[-5.5126471,35.5258956],[-5.5112422,35.5231105],[-5.5111349,35.5226739],[-5.5107374,35.521451],[-5.5103302,35.5209799],[-5.5100293,35.5207],[-5.5099654,35.5202027],[-5.5104911,35.5193033],[-5.5105872,35.5189274],[-5.5105872,35.5185868],[-5.5103833,35.517993],[-5.5101902,35.5176873],[-5.5097396,35.5173206],[-5.5089355,35.5168844],[-5.5082703,35.5165613],[-5.5078304,35.5161945],[-5.5074978,35.5157317],[-5.5074916,35.5153404],[-5.5075187,35.5148929],[-5.5078411,35.5144217],[-5.5094499,35.5127795],[-5.5100829,35.5120459],[-5.510813,35.5113389],[-5.5117142,35.5107276],[-5.5120677,35.5103691],[-5.5123794,35.5099329],[-5.5126691,35.508946],[-5.5129046,35.5079674],[-5.5130228,35.5074043],[-5.5133524,35.5070466],[-5.5138506,35.5067035],[-5.5149972,35.5062211],[-5.5159087,35.5059237],[-5.5168099,35.5058451],[-5.517239,35.5056791],[-5.5172932,35.5054263],[-5.5171323,35.5051293],[-5.5163491,35.5047975],[-5.5144286,35.5042909],[-5.5136127,35.5040022],[-5.5132914,35.5038367],[-5.5132264,35.5034258],[-5.5135376,35.5024737],[-5.5140241,35.5017738],[-5.5146212,35.5015741],[-5.5161018,35.5015828],[-5.5163287,35.5015457],[-5.5250933,35.4999181],[-5.5270931,35.5028423],[-5.5336763,35.5023497]]]}},{"type":"Feature","id":"relation/2563432","properties":{"osmRelationId":2563432,"name":"Bni Harchen بني حرشن","nameAr":"بني حرشن","nameFr":"Bni Harchen","adminLevel":"8","refHcp":"01.571.03.07.","population":6953,"populationDate":"2014","source":"OpenStreetMap contributors","license":"ODbL 1.0"},"geometry":{"type":"Polygon","coordinates":[[[-5.7703979,35.5134304],[-5.7579504,35.5241646],[-5.7379518,35.5234206],[-5.7160648,35.5242486],[-5.7033855,35.5351313],[-5.7048,35.55811],[-5.70917,35.58066],[-5.7146375,35.6142413],[-5.6965186,35.6054804],[-5.681185,35.5981039],[-5.6712629,35.5945619],[-5.6706578,35.5820818],[-5.6665379,35.5785217],[-5.6613881,35.5790104],[-5.6555516,35.5806159],[-5.6493718,35.5827101],[-5.6440546,35.5760784],[-5.6383039,35.5713312],[-5.6275751,35.5656062],[-5.6152412,35.5591652],[-5.60168,35.553579],[-5.5855438,35.5410087],[-5.5731842,35.5329767],[-5.5709526,35.5354911],[-5.568206,35.5412881],[-5.564172,35.5401706],[-5.5629703,35.533745],[-5.5604813,35.5225687],[-5.551984,35.520962],[-5.5458042,35.5183074],[-5.5397102,35.5143253],[-5.5391094,35.5095045],[-5.5410835,35.506011],[-5.5419418,35.5037751],[-5.5336763,35.5023497],[-5.5415985,35.5008614],[-5.5465767,35.5009103],[-5.5492975,35.4984087],[-5.5563356,35.4967317],[-5.564747,35.4985485],[-5.5677539,35.4985423],[-5.5680902,35.4989797],[-5.5762484,35.4991075],[-5.5829689,35.5000718],[-5.5876896,35.5012597],[-5.6028816,35.5053822],[-5.6111814,35.513155],[-5.6165888,35.5111289],[-5.6211378,35.508474],[-5.6310942,35.507915],[-5.635214,35.5088233],[-5.6383039,35.5078451],[-5.6304934,35.5023253],[-5.620022,35.4998098],[-5.6267168,35.4874407],[-5.6312658,35.4778691],[-5.6332399,35.4730462],[-5.6286051,35.4641685],[-5.6258585,35.4607429],[-5.6484277,35.4656365],[-5.6601865,35.4682929],[-5.6762368,35.4733258],[-5.679243,35.4731493],[-5.6831483,35.472695],[-5.6851074,35.4718369],[-5.6867961,35.4725552],[-5.6899139,35.4727456],[-5.6912164,35.4730794],[-5.692418,35.4730095],[-5.6935768,35.4730445],[-5.6934909,35.4713668],[-5.6937334,35.4702292],[-5.693963,35.4694445],[-5.6936197,35.468396],[-5.6937055,35.4662989],[-5.6891136,35.4602868],[-5.6884269,35.4577],[-5.6875686,35.4524914],[-5.6875257,35.4466181],[-5.6877832,35.4417234],[-5.6882832,35.4383476],[-5.6901414,35.4329139],[-5.6917722,35.4295569],[-5.6953771,35.4303962],[-5.7012135,35.4329139],[-5.7072217,35.4355713],[-5.712629,35.4380189],[-5.7173503,35.4387145],[-5.7272208,35.4414417],[-5.7387221,35.4494829],[-5.7598322,35.4650631],[-5.7673896,35.4764675],[-5.769192,35.4904456],[-5.769192,35.4996698],[-5.7674711,35.5036422],[-5.7703979,35.5134304]]]}},{"type":"Feature","id":"relation/2563433","properties":{"osmRelationId":2563433,"name":"Jbel Lahbib جبل لحبيب","nameAr":"جبل لحبيب","nameFr":"Jbel Lahbib","adminLevel":"8","refHcp":"01.571.03.09.","population":3780,"populationDate":"2014","source":"OpenStreetMap contributors","license":"ODbL 1.0"},"geometry":{"type":"Polygon","coordinates":[[[-5.7703979,35.5134304],[-5.7674711,35.5036422],[-5.769192,35.4996698],[-5.769192,35.4904456],[-5.7673896,35.4764675],[-5.7598322,35.4650631],[-5.7387221,35.4494829],[-5.7272208,35.4414417],[-5.7173503,35.4387145],[-5.7235301,35.4271054],[-5.7278903,35.4205448],[-5.7365764,35.4208106],[-5.7494767,35.4267417],[-5.754515,35.4234685],[-5.7603515,35.4201811],[-5.7577765,35.4111576],[-5.7623256,35.4094787],[-5.7674754,35.4081496],[-5.773192,35.4035336],[-5.7731298,35.4032328],[-5.7730805,35.4027938],[-5.7733616,35.4023609],[-5.7743518,35.4017024],[-5.7748464,35.40158],[-5.7761307,35.4015808],[-5.7768023,35.4017487],[-5.778667,35.4017216],[-5.7810681,35.4015231],[-5.7828606,35.4025844],[-5.7819443,35.4109441],[-5.7956772,35.4169564],[-5.8068352,35.4270423],[-5.8134442,35.4466684],[-5.8161049,35.4605818],[-5.8207398,35.466849],[-5.8423405,35.4540649],[-5.851078,35.4734258],[-5.8408856,35.4830381],[-5.8212562,35.4774379],[-5.80449,35.49353],[-5.7810661,35.5084425],[-5.7834265,35.5127708],[-5.7703979,35.5134304]]]}},{"type":"Feature","id":"relation/2563434","properties":{"osmRelationId":2563434,"name":"Al Kharroub ااخروب","nameAr":"ااخروب","nameFr":"Al Kharroub","adminLevel":"8","refHcp":"01.571.03.03.","population":2510,"populationDate":"2014","source":"OpenStreetMap contributors","license":"ODbL 1.0"},"geometry":{"type":"Polygon","coordinates":[[[-5.7743518,35.4017024],[-5.7733616,35.4023609],[-5.7730805,35.4027938],[-5.7731298,35.4032328],[-5.773192,35.4035336],[-5.7674754,35.4081496],[-5.7623256,35.4094787],[-5.7577765,35.4111576],[-5.7603515,35.4201811],[-5.754515,35.4234685],[-5.7494767,35.4267417],[-5.7365764,35.4208106],[-5.7278903,35.4205448],[-5.7235301,35.4271054],[-5.7173503,35.4387145],[-5.712629,35.4380189],[-5.7072217,35.4355713],[-5.7012135,35.4329139],[-5.6953771,35.4303962],[-5.6917722,35.4295569],[-5.6901414,35.4329139],[-5.6790134,35.4291863],[-5.6623322,35.4210241],[-5.6555516,35.4208842],[-5.6499168,35.4180654],[-5.6370165,35.4106017],[-5.6258585,35.4039558],[-5.6162723,35.4011698],[-5.6071398,35.4002132],[-5.6012923,35.4011884],[-5.5962078,35.4047063],[-5.590848,35.4003187],[-5.5952559,35.3903483],[-5.6014311,35.3854144],[-5.6196785,35.3871423],[-5.6320446,35.3782472],[-5.6366998,35.3738706],[-5.6372813,35.3731528],[-5.6376016,35.3725829],[-5.6379519,35.3725391],[-5.637946,35.3737079],[-5.638005,35.3739546],[-5.638308,35.3742451],[-5.6388579,35.3745727],[-5.6393815,35.3747315],[-5.6398809,35.3748513],[-5.6404066,35.3747901],[-5.6409323,35.3749563],[-5.6413507,35.3751487],[-5.6417692,35.3754199],[-5.6419837,35.3756824],[-5.6423378,35.3759448],[-5.642767,35.3759011],[-5.6430888,35.3755774],[-5.6434429,35.3755336],[-5.6440973,35.3756736],[-5.6447303,35.3758573],[-5.6451058,35.3758923],[-5.6457174,35.3758573],[-5.6460607,35.3757524],[-5.6464469,35.3757174],[-5.6468868,35.3758486],[-5.647198,35.376076],[-5.6475306,35.3761373],[-5.6480563,35.3767321],[-5.6485605,35.3771695],[-5.6490326,35.3773095],[-5.649333,35.3776069],[-5.6496549,35.3778431],[-5.6503952,35.3784642],[-5.6505561,35.3789016],[-5.6508565,35.379094],[-5.6510496,35.3792865],[-5.6515324,35.3794964],[-5.6520152,35.3795489],[-5.6523156,35.3797238],[-5.6523371,35.3800388],[-5.6526589,35.3804324],[-5.6530237,35.3807386],[-5.6532919,35.3809223],[-5.6535602,35.3810097],[-5.6538177,35.3812109],[-5.6539679,35.3819807],[-5.6539142,35.3822606],[-5.6537104,35.3824268],[-5.6532061,35.3827242],[-5.6531203,35.3830129],[-5.6534529,35.3832403],[-5.6541717,35.3830566],[-5.6547296,35.3832228],[-5.6556737,35.3831353],[-5.6559634,35.3831791],[-5.6563497,35.3833628],[-5.6567252,35.3834852],[-5.6572187,35.3835989],[-5.6575084,35.3837914],[-5.6580234,35.3837826],[-5.6582808,35.3837214],[-5.6586885,35.3839401],[-5.6591284,35.3838963],[-5.6596863,35.3838089],[-5.6601799,35.3838264],[-5.6606197,35.3838089],[-5.6611025,35.3836951],[-5.6615317,35.3838264],[-5.6618857,35.3840363],[-5.6624329,35.3840363],[-5.6628084,35.3839576],[-5.6633127,35.3838351],[-5.663656,35.3837651],[-5.6639349,35.3837214],[-5.664289,35.3836951],[-5.6645679,35.3834677],[-5.6646967,35.3833103],[-5.6647718,35.3831003],[-5.6650078,35.3829866],[-5.6652439,35.3820857],[-5.6653619,35.3817795],[-5.6656086,35.3813509],[-5.6658983,35.3810447],[-5.6661344,35.3809048],[-5.6670463,35.3805636],[-5.6673896,35.3804062],[-5.667851,35.380135],[-5.6682372,35.3798726],[-5.6685591,35.3796626],[-5.669235,35.3792602],[-5.6698358,35.3790415],[-5.6701255,35.378989],[-5.6709731,35.379024],[-5.6715846,35.3790415],[-5.6719708,35.3789978],[-5.6726789,35.3785604],[-5.6733549,35.3780006],[-5.6740737,35.3776244],[-5.6744277,35.3774844],[-5.675211,35.3771695],[-5.6759191,35.377152],[-5.6762838,35.3771695],[-5.6769276,35.3772307],[-5.6773996,35.3774319],[-5.6777322,35.3776069],[-5.6780112,35.3778256],[-5.678376,35.3785517],[-5.6788158,35.3786129],[-5.6796741,35.3783855],[-5.6804574,35.3781318],[-5.6809938,35.3781318],[-5.6815517,35.3780006],[-5.6820989,35.3777206],[-5.6829357,35.3769683],[-5.6833005,35.3768109],[-5.683933,35.3765909],[-5.6844378,35.3765309],[-5.684986,35.3771529],[-5.6857821,35.3773729],[-5.6868088,35.3775807],[-5.6873989,35.3775894],[-5.6879997,35.3772832],[-5.6883538,35.3770208],[-5.688622,35.3767409],[-5.6890404,35.376251],[-5.6893623,35.3757961],[-5.6897056,35.3756124],[-5.690124,35.3754287],[-5.6911218,35.3751575],[-5.6917548,35.3748338],[-5.6921089,35.3746851],[-5.6923127,35.3746239],[-5.6927955,35.3746501],[-5.6934822,35.3747113],[-5.6944156,35.3747726],[-5.6948984,35.3746676],[-5.6954134,35.3746064],[-5.6957138,35.3745714],[-5.6962423,35.3744799],[-5.6967497,35.3742841],[-5.6970227,35.3741427],[-5.6976557,35.3737578],[-5.6981063,35.3734516],[-5.69875,35.3732504],[-5.6993294,35.3730317],[-5.6997693,35.3728742],[-5.7002091,35.3728917],[-5.7006383,35.372883],[-5.7015288,35.3735566],[-5.7027519,35.3745014],[-5.704608,35.3755949],[-5.7052302,35.3761897],[-5.7058847,35.3766796],[-5.7065713,35.3766971],[-5.7069468,35.3766534],[-5.7087815,35.3763035],[-5.7111311,35.3763297],[-5.7127512,35.377257],[-5.7138026,35.3776506],[-5.715222,35.3778357],[-5.7156372,35.378263],[-5.7165813,35.3784642],[-5.7170164,35.3783863],[-5.7192931,35.3798745],[-5.7202077,35.3798988],[-5.722082,35.3781928],[-5.7230171,35.377642],[-5.7236023,35.3777991],[-5.7241237,35.3793755],[-5.7247031,35.3800928],[-5.7261708,35.3800576],[-5.7282865,35.3793215],[-5.728662,35.3792165],[-5.7291234,35.3795679],[-5.7296491,35.3801437],[-5.7303035,35.3808275],[-5.7312348,35.3821766],[-5.7322021,35.3835212],[-5.7331574,35.384204],[-5.7338226,35.3849912],[-5.7341659,35.385726],[-5.7341659,35.3865657],[-5.7342517,35.3868631],[-5.7348096,35.3875803],[-5.7353246,35.3876678],[-5.7357323,35.3875453],[-5.7361186,35.386933],[-5.7362629,35.3866077],[-5.7370198,35.3862683],[-5.7373631,35.3858484],[-5.7378781,35.3855685],[-5.7391012,35.3856035],[-5.7401658,35.386017],[-5.7408178,35.3860584],[-5.7413757,35.3860059],[-5.7422554,35.385656],[-5.7428777,35.3854985],[-5.7434142,35.3854985],[-5.7440549,35.3858016],[-5.7446373,35.3864432],[-5.7451522,35.3869155],[-5.7462895,35.3872654],[-5.7470191,35.3876678],[-5.7471693,35.3881576],[-5.7471907,35.3889098],[-5.7471049,35.3892422],[-5.7475555,35.3899419],[-5.7491966,35.3906411],[-5.7494438,35.3912363],[-5.7499588,35.3918136],[-5.7503235,35.3920235],[-5.7510531,35.3918661],[-5.7522435,35.3911484],[-5.7530905,35.3912594],[-5.7535851,35.3915162],[-5.7540357,35.3916212],[-5.7547653,35.3916562],[-5.7553446,35.3914113],[-5.7562029,35.3914288],[-5.7565248,35.3917261],[-5.7567608,35.3921809],[-5.7572329,35.3926182],[-5.7585204,35.3929856],[-5.7588208,35.3929856],[-5.7608593,35.393283],[-5.761503,35.3933354],[-5.7631123,35.393143],[-5.7638848,35.393108],[-5.7642598,35.3933175],[-5.7652366,35.3940526],[-5.7655156,35.3943675],[-5.7658374,35.3949272],[-5.7657945,35.3956619],[-5.7650864,35.3965189],[-5.7648075,35.3970087],[-5.765022,35.3972886],[-5.7654512,35.3974985],[-5.7664597,35.3975509],[-5.766803,35.3976384],[-5.767318,35.3978833],[-5.7676613,35.399405],[-5.7679617,35.3995974],[-5.7686484,35.3999472],[-5.7728734,35.4015152],[-5.7735901,35.4016001],[-5.7743518,35.4017024]]]}},{"type":"Feature","id":"relation/2563438","properties":{"osmRelationId":2563438,"name":"Bni Idder بني يدر","nameAr":"بني يدر","nameFr":"Bni Idder","adminLevel":"8","refHcp":"01.571.03.11.","population":4823,"populationDate":"2014","source":"OpenStreetMap contributors","license":"ODbL 1.0"},"geometry":{"type":"Polygon","coordinates":[[[-5.590848,35.4003187],[-5.5962078,35.4047063],[-5.5924208,35.4101427],[-5.5945086,35.4207762],[-5.5932426,35.4202866],[-5.5923469,35.4199575],[-5.5916548,35.4196396],[-5.5911173,35.419324],[-5.5902815,35.4191675],[-5.5898952,35.4192899],[-5.589788,35.4200243],[-5.5900669,35.4205139],[-5.5901098,35.4210211],[-5.5901088,35.4214923],[-5.5896163,35.4218604],[-5.5891657,35.4219653],[-5.588479,35.4220003],[-5.5873418,35.421703],[-5.5860543,35.4215456],[-5.5849385,35.4215631],[-5.5842937,35.4217371],[-5.5839729,35.4220352],[-5.5835009,35.4227697],[-5.5833936,35.4231543],[-5.5832863,35.4236789],[-5.5830932,35.424116],[-5.5827928,35.4252176],[-5.5826426,35.425987],[-5.5823207,35.4281901],[-5.5819559,35.4296762],[-5.5817842,35.429956],[-5.5814409,35.4301833],[-5.5807972,35.429991],[-5.5798101,35.429449],[-5.5792093,35.4292916],[-5.5785012,35.4292741],[-5.577836,35.4295713],[-5.5772996,35.4298861],[-5.5766129,35.4303931],[-5.5764627,35.4307778],[-5.5765486,35.4310925],[-5.5765271,35.431547],[-5.5761174,35.431766],[-5.5753684,35.4320016],[-5.5749822,35.4323863],[-5.5749822,35.4329283],[-5.5749178,35.4333479],[-5.5745316,35.4336975],[-5.5745316,35.4340122],[-5.5745959,35.434292],[-5.5744457,35.4346416],[-5.5742097,35.434799],[-5.5739951,35.4349913],[-5.5737805,35.4423514],[-5.5706263,35.44597],[-5.5704546,35.446372],[-5.5715693,35.4468956],[-5.5720425,35.4472461],[-5.5723429,35.4478754],[-5.572772,35.4479453],[-5.5727506,35.4482075],[-5.5729651,35.4485046],[-5.5734138,35.4486019],[-5.5745949,35.4495176],[-5.5761409,35.4498156],[-5.577879,35.4497108],[-5.5782652,35.449501],[-5.5784154,35.4491339],[-5.5789089,35.4491164],[-5.5792952,35.4493087],[-5.5801953,35.4498497],[-5.5811729,35.4502723],[-5.5819988,35.4500429],[-5.5827499,35.4501563],[-5.5828571,35.4505498],[-5.5833364,35.4510433],[-5.5835009,35.4515112],[-5.5834579,35.4519482],[-5.5832434,35.4525774],[-5.5829644,35.4534339],[-5.5832219,35.4542379],[-5.5836296,35.4544827],[-5.5843581,35.4546041],[-5.5849814,35.4549895],[-5.5857968,35.4553916],[-5.5860329,35.456213],[-5.5860103,35.4567715],[-5.5863333,35.4573491],[-5.5868268,35.4577162],[-5.5872774,35.4579434],[-5.5877066,35.4583454],[-5.5886722,35.4589397],[-5.5887365,35.4593242],[-5.5884721,35.459533],[-5.5884147,35.4599883],[-5.588479,35.4607573],[-5.5883947,35.461193],[-5.5885863,35.4621905],[-5.5888224,35.4631867],[-5.5888009,35.4637984],[-5.5884361,35.4641654],[-5.5878353,35.4641654],[-5.5870843,35.4641479],[-5.5863333,35.4638333],[-5.5855823,35.4636061],[-5.5852175,35.4635712],[-5.5846146,35.4637324],[-5.584166,35.4639731],[-5.5839086,35.4644101],[-5.5838227,35.4648994],[-5.5834291,35.4655132],[-5.583415,35.4662626],[-5.5831943,35.466562],[-5.5832005,35.4669966],[-5.5831146,35.4672413],[-5.5829644,35.467416],[-5.5828357,35.4678529],[-5.5824709,35.468552],[-5.5827402,35.4692683],[-5.5829,35.4697228],[-5.5829,35.470282],[-5.5824924,35.4708238],[-5.582149,35.4712257],[-5.581634,35.4714878],[-5.5810761,35.4715228],[-5.5801749,35.4716102],[-5.5799603,35.4713306],[-5.5796814,35.4711383],[-5.5793595,35.4707539],[-5.5773211,35.4709286],[-5.571034,35.4731305],[-5.567944,35.474144],[-5.5658627,35.4753148],[-5.5649185,35.476206],[-5.5617857,35.4790892],[-5.5561638,35.4836846],[-5.5536962,35.4855542],[-5.5486965,35.4904288],[-5.545435,35.4928397],[-5.5450487,35.4927698],[-5.5438685,35.4928921],[-5.5429029,35.4928747],[-5.5417657,35.4926126],[-5.5411862,35.4923547],[-5.5403495,35.4921758],[-5.5393624,35.4921933],[-5.5383968,35.492403],[-5.5374312,35.492665],[-5.5365986,35.4928552],[-5.5356717,35.493259],[-5.5348563,35.4935385],[-5.5344288,35.4938119],[-5.5342555,35.4942723],[-5.5340518,35.4949011],[-5.533762,35.495338],[-5.533247,35.4957049],[-5.5320872,35.4959486],[-5.5313158,35.4961765],[-5.5305637,35.4960883],[-5.5300927,35.4958446],[-5.5292775,35.494936],[-5.5283642,35.4943097],[-5.5267882,35.493888],[-5.5253001,35.4935021],[-5.5235472,35.4921866],[-5.5236725,35.4917142],[-5.5237995,35.4907738],[-5.5226179,35.4895894],[-5.5234775,35.4887136],[-5.5238475,35.4885141],[-5.5252881,35.4874958],[-5.5255356,35.486437],[-5.5260837,35.4857045],[-5.5272574,35.4849204],[-5.5275523,35.4843137],[-5.5283831,35.4828535],[-5.5298136,35.4814542],[-5.5307478,35.4805207],[-5.5308864,35.4796981],[-5.5308909,35.479211],[-5.5308985,35.4783885],[-5.5308959,35.4782709],[-5.5307043,35.4779855],[-5.529407,35.477533],[-5.528934,35.4773768],[-5.5282688,35.4762759],[-5.5282474,35.4756119],[-5.5280204,35.4747032],[-5.5280099,35.4739514],[-5.5287409,35.4727286],[-5.5286135,35.472123],[-5.5281199,35.4647089],[-5.5332473,35.4610939],[-5.5340787,35.4595734],[-5.526917,35.4484522],[-5.5292561,35.4442002],[-5.4951382,35.4363725],[-5.4948378,35.4360053],[-5.494473,35.4354459],[-5.4940653,35.4352011],[-5.493679,35.4349214],[-5.4932284,35.4341871],[-5.4923487,35.4336626],[-5.4916835,35.4333304],[-5.4906321,35.4324737],[-5.4891515,35.43104],[-5.488615,35.4308477],[-5.4879574,35.4306569],[-5.4876709,35.4290118],[-5.4873919,35.4282425],[-5.4862332,35.4257597],[-5.485957,35.4202101],[-5.4854594,35.4199145],[-5.4758397,35.4154324],[-5.4701272,35.4144006],[-5.4624239,35.4150845],[-5.4604515,35.4118235],[-5.4608349,35.4117292],[-5.4610333,35.4116855],[-5.4628444,35.4114206],[-5.4634287,35.4112078],[-5.4644752,35.4104762],[-5.4654193,35.4094094],[-5.4657412,35.4086049],[-5.4659986,35.4072233],[-5.4664278,35.4059466],[-5.4670201,35.4049357],[-5.4675865,35.404355],[-5.4681331,35.4041999],[-5.4689356,35.4042223],[-5.4696035,35.4044774],[-5.4699683,35.4050371],[-5.4707623,35.405999],[-5.4714274,35.4062788],[-5.4728798,35.4064152],[-5.4750376,35.4062109],[-5.4766202,35.4061214],[-5.4772909,35.4058066],[-5.4781519,35.4047348],[-5.4789803,35.4026769],[-5.4791951,35.4008744],[-5.479002,35.4002798],[-5.4784226,35.3999125],[-5.4775214,35.3997376],[-5.4769206,35.3992478],[-5.4768133,35.3989505],[-5.4770279,35.397866],[-5.4778205,35.3973224],[-5.4784656,35.3971489],[-5.4798239,35.3969637],[-5.4811263,35.396799],[-5.4825784,35.3963183],[-5.4835476,35.3958866],[-5.4842649,35.3951267],[-5.4843782,35.3944629],[-5.4853447,35.3931039],[-5.4863836,35.3923036],[-5.4873488,35.3919195],[-5.4886794,35.3917089],[-5.4901385,35.3912716],[-5.4908037,35.3907293],[-5.4909968,35.3904319],[-5.491029,35.3898459],[-5.4910301,35.3897794],[-5.4914458,35.3896242],[-5.4917232,35.3895494],[-5.4922993,35.3891947],[-5.4929924,35.38891],[-5.4933786,35.3887701],[-5.4940653,35.3885427],[-5.4943442,35.3883852],[-5.4948867,35.3883427],[-5.4955673,35.3885077],[-5.496254,35.3886651],[-5.4966402,35.3888575],[-5.4968548,35.3892949],[-5.4968977,35.3896797],[-5.4974974,35.3901389],[-5.4991937,35.390257],[-5.5009317,35.390292],[-5.5016613,35.3903969],[-5.5021119,35.3909392],[-5.5025411,35.3918138],[-5.5032492,35.3927934],[-5.5039196,35.3930295],[-5.5047941,35.3930208],[-5.5054379,35.3928284],[-5.5064249,35.3923736],[-5.5069613,35.3924086],[-5.5079484,35.3927234],[-5.508678,35.392601],[-5.5090213,35.3924261],[-5.509429,35.3920412],[-5.5098152,35.3915864],[-5.5102444,35.3913415],[-5.5111241,35.3913065],[-5.5116391,35.3911841],[-5.5122185,35.3905019],[-5.5130553,35.3899596],[-5.5135274,35.3899946],[-5.5142999,35.3903619],[-5.5147934,35.3905194],[-5.5153942,35.3904669],[-5.5156732,35.390327],[-5.5160165,35.3897322],[-5.516746,35.3896622],[-5.5176902,35.390327],[-5.5186772,35.3907993],[-5.5199432,35.3910092],[-5.5206084,35.3909742],[-5.5211663,35.3908168],[-5.5213594,35.3904844],[-5.5216599,35.3903095],[-5.5227113,35.3907118],[-5.5229902,35.3909392],[-5.5233121,35.3916564],[-5.52387,35.3918138],[-5.5244923,35.3918838],[-5.5251145,35.3922337],[-5.5269599,35.392531],[-5.5291057,35.3925835],[-5.5363092,35.3952369],[-5.543611,35.3979185],[-5.5459929,35.3988105],[-5.5530739,35.4008045],[-5.5571508,35.4023961],[-5.5576873,35.4024136],[-5.5587173,35.4018014],[-5.5596185,35.4014691],[-5.5604553,35.4011543],[-5.561142,35.4009794],[-5.5615926,35.400717],[-5.5620432,35.4005421],[-5.5628371,35.3999474],[-5.5630946,35.3996326],[-5.5636954,35.3994752],[-5.564146,35.3993003],[-5.5649614,35.398793],[-5.5655408,35.3981459],[-5.5669141,35.3976386],[-5.5673218,35.3976736],[-5.5677491,35.3980637],[-5.5681157,35.3982333],[-5.5683517,35.3985132],[-5.5691531,35.398587],[-5.5695534,35.398828],[-5.5695748,35.3992128],[-5.5689311,35.3997376],[-5.5676436,35.4010144],[-5.567472,35.401714],[-5.5682874,35.4020988],[-5.5690384,35.4025535],[-5.5694032,35.4027984],[-5.5698323,35.4029383],[-5.5701113,35.4031307],[-5.570846,35.4030895],[-5.5711842,35.4028858],[-5.5721283,35.4030957],[-5.5724287,35.4036554],[-5.572536,35.40432],[-5.5723429,35.4045649],[-5.5723858,35.4049496],[-5.5767202,35.4031657],[-5.5780721,35.4029208],[-5.581585,35.4007921],[-5.5792071,35.3990089],[-5.590848,35.4003187]]]}},{"type":"Feature","id":"relation/2563439","properties":{"osmRelationId":2563439,"name":"Bghaghza اابغغزة","nameAr":"اابغغزة","nameFr":"Bghaghza","adminLevel":"8","refHcp":"01.571.03.05.","population":6955,"populationDate":"2014","source":"OpenStreetMap contributors","license":"ODbL 1.0"},"geometry":{"type":"Polygon","coordinates":[[[-5.5962078,35.4047063],[-5.6012923,35.4011884],[-5.6071398,35.4002132],[-5.6162723,35.4011698],[-5.6258585,35.4039558],[-5.6370165,35.4106017],[-5.6499168,35.4180654],[-5.6555516,35.4208842],[-5.6623322,35.4210241],[-5.6790134,35.4291863],[-5.6901414,35.4329139],[-5.6882832,35.4383476],[-5.6877832,35.4417234],[-5.6875257,35.4466181],[-5.6875686,35.4524914],[-5.6884269,35.4577],[-5.6891136,35.4602868],[-5.6937055,35.4662989],[-5.6936197,35.468396],[-5.693963,35.4694445],[-5.6937334,35.4702292],[-5.6934909,35.4713668],[-5.6935768,35.4730445],[-5.692418,35.4730095],[-5.6912164,35.4730794],[-5.6899139,35.4727456],[-5.6867961,35.4725552],[-5.6851074,35.4718369],[-5.6831483,35.472695],[-5.679243,35.4731493],[-5.6762368,35.4733258],[-5.6601865,35.4682929],[-5.6484277,35.4656365],[-5.6258585,35.4607429],[-5.6286051,35.4641685],[-5.6332399,35.4730462],[-5.6312658,35.4778691],[-5.6267168,35.4874407],[-5.620022,35.4998098],[-5.6304934,35.5023253],[-5.6383039,35.5078451],[-5.635214,35.5088233],[-5.6310942,35.507915],[-5.6211378,35.508474],[-5.6165888,35.5111289],[-5.6111814,35.513155],[-5.6028816,35.5053822],[-5.5876896,35.5012597],[-5.5829689,35.5000718],[-5.5762484,35.4991075],[-5.5680902,35.4989797],[-5.5677539,35.4985423],[-5.564747,35.4985485],[-5.5563356,35.4967317],[-5.5492975,35.4984087],[-5.5465767,35.5009103],[-5.5415985,35.5008614],[-5.5336763,35.5023497],[-5.5270931,35.5028423],[-5.5250933,35.4999181],[-5.5163287,35.5015457],[-5.5166656,35.501364],[-5.516657,35.5010457],[-5.5159387,35.5002958],[-5.5156474,35.500012],[-5.5153213,35.4993202],[-5.5151147,35.4990743],[-5.5145815,35.4987485],[-5.5142516,35.4984052],[-5.5139142,35.4978034],[-5.5139083,35.4973623],[-5.5140638,35.4969933],[-5.5144705,35.4966683],[-5.5152944,35.4964788],[-5.516355,35.4964172],[-5.5178549,35.4964408],[-5.5182416,35.4965325],[-5.5186965,35.4963984],[-5.5190399,35.4961123],[-5.5193011,35.4956904],[-5.5195361,35.4951532],[-5.5200736,35.4943728],[-5.5236725,35.4917142],[-5.5235472,35.4921866],[-5.5253001,35.4935021],[-5.5267882,35.493888],[-5.5283642,35.4943097],[-5.5292775,35.494936],[-5.5300927,35.4958446],[-5.5305637,35.4960883],[-5.5313158,35.4961765],[-5.5320872,35.4959486],[-5.533247,35.4957049],[-5.533762,35.495338],[-5.5340518,35.4949011],[-5.5342555,35.4942723],[-5.5344288,35.4938119],[-5.5348563,35.4935385],[-5.5356717,35.493259],[-5.5365986,35.4928552],[-5.5374312,35.492665],[-5.5383968,35.492403],[-5.5393624,35.4921933],[-5.5403495,35.4921758],[-5.5411862,35.4923547],[-5.5417657,35.4926126],[-5.5429029,35.4928747],[-5.5438685,35.4928921],[-5.5450487,35.4927698],[-5.545435,35.4928397],[-5.5486965,35.4904288],[-5.5536962,35.4855542],[-5.5561638,35.4836846],[-5.5617857,35.4790892],[-5.5649185,35.476206],[-5.5658627,35.4753148],[-5.567944,35.474144],[-5.571034,35.4731305],[-5.5773211,35.4709286],[-5.5793595,35.4707539],[-5.5796814,35.4711383],[-5.5799603,35.4713306],[-5.5801749,35.4716102],[-5.5810761,35.4715228],[-5.581634,35.4714878],[-5.582149,35.4712257],[-5.5824924,35.4708238],[-5.5829,35.470282],[-5.5829,35.4697228],[-5.5827402,35.4692683],[-5.5824709,35.468552],[-5.5828357,35.4678529],[-5.5829644,35.467416],[-5.5831146,35.4672413],[-5.5832005,35.4669966],[-5.5831943,35.466562],[-5.583415,35.4662626],[-5.5834291,35.4655132],[-5.5838227,35.4648994],[-5.5839086,35.4644101],[-5.584166,35.4639731],[-5.5846146,35.4637324],[-5.5852175,35.4635712],[-5.5855823,35.4636061],[-5.5863333,35.4638333],[-5.5870843,35.4641479],[-5.5878353,35.4641654],[-5.5884361,35.4641654],[-5.5888009,35.4637984],[-5.5888224,35.4631867],[-5.5885863,35.4621905],[-5.5883947,35.461193],[-5.588479,35.4607573],[-5.5884147,35.4599883],[-5.5884721,35.459533],[-5.5887365,35.4593242],[-5.5886722,35.4589397],[-5.5877066,35.4583454],[-5.5872774,35.4579434],[-5.5868268,35.4577162],[-5.5863333,35.4573491],[-5.5860103,35.4567715],[-5.5860329,35.456213],[-5.5857968,35.4553916],[-5.5849814,35.4549895],[-5.5843581,35.4546041],[-5.5836296,35.4544827],[-5.5832219,35.4542379],[-5.5829644,35.4534339],[-5.5832434,35.4525774],[-5.5834579,35.4519482],[-5.5835009,35.4515112],[-5.5833364,35.4510433],[-5.5828571,35.4505498],[-5.5827499,35.4501563],[-5.5819988,35.4500429],[-5.5811729,35.4502723],[-5.5801953,35.4498497],[-5.5792952,35.4493087],[-5.5789089,35.4491164],[-5.5784154,35.4491339],[-5.5782652,35.449501],[-5.577879,35.4497108],[-5.5761409,35.4498156],[-5.5745949,35.4495176],[-5.5734138,35.4486019],[-5.5729651,35.4485046],[-5.5727506,35.4482075],[-5.572772,35.4479453],[-5.5723429,35.4478754],[-5.5720425,35.4472461],[-5.5715693,35.4468956],[-5.5704546,35.446372],[-5.5706263,35.44597],[-5.5737805,35.4423514],[-5.5739951,35.4349913],[-5.5742097,35.434799],[-5.5744457,35.4346416],[-5.5745959,35.434292],[-5.5745316,35.4340122],[-5.5745316,35.4336975],[-5.5749178,35.4333479],[-5.5749822,35.4329283],[-5.5749822,35.4323863],[-5.5753684,35.4320016],[-5.5761174,35.431766],[-5.5765271,35.431547],[-5.5765486,35.4310925],[-5.5764627,35.4307778],[-5.5766129,35.4303931],[-5.5772996,35.4298861],[-5.577836,35.4295713],[-5.5785012,35.4292741],[-5.5792093,35.4292916],[-5.5798101,35.429449],[-5.5807972,35.429991],[-5.5814409,35.4301833],[-5.5817842,35.429956],[-5.5819559,35.4296762],[-5.5823207,35.4281901],[-5.5826426,35.425987],[-5.5827928,35.4252176],[-5.5830932,35.424116],[-5.5832863,35.4236789],[-5.5833936,35.4231543],[-5.5835009,35.4227697],[-5.5839729,35.4220352],[-5.5842937,35.4217371],[-5.5849385,35.4215631],[-5.5860543,35.4215456],[-5.5873418,35.421703],[-5.588479,35.4220003],[-5.5891657,35.4219653],[-5.5896163,35.4218604],[-5.5901088,35.4214923],[-5.5901098,35.4210211],[-5.5900669,35.4205139],[-5.589788,35.4200243],[-5.5898952,35.4192899],[-5.5902815,35.4191675],[-5.5911173,35.419324],[-5.5916548,35.4196396],[-5.5923469,35.4199575],[-5.5932426,35.4202866],[-5.5945086,35.4207762],[-5.5924208,35.4101427],[-5.5962078,35.4047063]]]}},{"type":"Feature","id":"relation/2752874","properties":{"osmRelationId":2752874,"name":"Saddina صدينة","nameAr":"صدينة","nameFr":"Saddina","adminLevel":"8","refHcp":"01.571.03.17.","population":6670,"populationDate":"2014","source":"OpenStreetMap contributors","license":"ODbL 1.0"},"geometry":{"type":"Polygon","coordinates":[[[-5.4599036,35.7021506],[-5.4584659,35.7017969],[-5.4573716,35.7015138],[-5.4567118,35.7010084],[-5.455714,35.7005754],[-5.4542227,35.6995142],[-5.4519964,35.6957267],[-5.4518892,35.6956043],[-5.4521788,35.6870901],[-5.4493464,35.6808223],[-5.4475118,35.6763889],[-5.4464818,35.672806],[-5.4421302,35.6700526],[-5.4415482,35.66874],[-5.4410959,35.6673629],[-5.4395011,35.6654086],[-5.4390119,35.6629431],[-5.4359842,35.6644786],[-5.4351871,35.6611892],[-5.4350805,35.6608056],[-5.4311496,35.6466588],[-5.41514,35.6296715],[-5.389305,35.6111822],[-5.3962587,35.6055131],[-5.4047284,35.5955093],[-5.4050857,35.5959394],[-5.4064268,35.5966129],[-5.4065652,35.5970857],[-5.4069482,35.5975786],[-5.4077861,35.5981012],[-5.408358,35.5982617],[-5.4099308,35.5982809],[-5.410993,35.5983533],[-5.4113814,35.5984615],[-5.4117354,35.5987721],[-5.412201,35.5988532],[-5.4149927,35.5981937],[-5.4183036,35.5970744],[-5.4178444,35.5968598],[-5.4170097,35.5967237],[-5.4161428,35.5959935],[-5.4157416,35.595607],[-5.414099,35.5949545],[-5.4137621,35.5947939],[-5.4130379,35.5945252],[-5.4120508,35.5938029],[-5.4115616,35.5935272],[-5.4113181,35.5929173],[-5.411243,35.5923782],[-5.4115841,35.5920213],[-5.4109619,35.5914691],[-5.4103782,35.5913679],[-5.4101154,35.5909953],[-5.4114608,35.5900644],[-5.4127868,35.5897311],[-5.4142331,35.5888429],[-5.4156096,35.5879661],[-5.4158102,35.5875953],[-5.4158006,35.5868545],[-5.4162147,35.5865797],[-5.4177951,35.5862987],[-5.4181234,35.5859742],[-5.4176663,35.5852727],[-5.4172254,35.5838565],[-5.4165001,35.5830442],[-5.4157641,35.5826734],[-5.4144015,35.5821289],[-5.413496,35.5813445],[-5.4122032,35.5792607],[-5.4120659,35.5786508],[-5.4130347,35.5780025],[-5.4139788,35.5778498],[-5.4144402,35.5775801],[-5.414541,35.5772782],[-5.4151558,35.5765522],[-5.4158467,35.5764396],[-5.4165366,35.5763314],[-5.4173809,35.5756098],[-5.4207981,35.5741359],[-5.4223849,35.5737598],[-5.4226166,35.5733304],[-5.4224428,35.5729683],[-5.4224707,35.572559],[-5.4226724,35.5721619],[-5.422401,35.5717308],[-5.422931,35.5713128],[-5.4234738,35.5702691],[-5.4227475,35.5696338],[-5.4223602,35.5687305],[-5.4226316,35.5680306],[-5.4234331,35.567349],[-5.4234642,35.5670828],[-5.423653,35.5667992],[-5.4242924,35.5667669],[-5.426288,35.5673106],[-5.4297727,35.5665461],[-5.4299111,35.565786],[-5.4298425,35.5649922],[-5.4302148,35.564466],[-5.430057,35.5634797],[-5.4297207,35.5628417],[-5.4304429,35.5626687],[-5.4311433,35.5624647],[-5.4318729,35.5620741],[-5.4329967,35.5613191],[-5.4347321,35.5602063],[-5.4355632,35.5598408],[-5.4363388,35.559687],[-5.4371327,35.5597001],[-5.4390264,35.560058],[-5.4397747,35.5601016],[-5.4415767,35.5599709],[-5.4440662,35.559783],[-5.4453012,35.5596427],[-5.4459277,35.5594579],[-5.4465978,35.5590955],[-5.4474518,35.5584186],[-5.4479497,35.558093],[-5.4487976,35.5577101],[-5.4492584,35.5576151],[-5.4496577,35.5575619],[-5.4517293,35.5576512],[-5.4532206,35.5578781],[-5.4541529,35.5580327],[-5.454132,35.5584612],[-5.4543509,35.5586135],[-5.4553653,35.5589945],[-5.4555482,35.5591551],[-5.4565884,35.5601501],[-5.4577224,35.5605145],[-5.4582143,35.5606965],[-5.4588951,35.5613183],[-5.459056,35.561595],[-5.4594117,35.5622291],[-5.4596688,35.562473],[-5.460334,35.5631189],[-5.4608597,35.5646986],[-5.4610528,35.5650389],[-5.4625012,35.5660688],[-5.4638625,35.5673477],[-5.4644644,35.5681057],[-5.4646565,35.5683553],[-5.4657621,35.5712836],[-5.4666628,35.5738723],[-5.4676498,35.5769047],[-5.4644741,35.5814945],[-5.4637874,35.5855519],[-5.4636909,35.5892875],[-5.4635814,35.5898467],[-5.4636179,35.590351],[-5.4633797,35.5920488],[-5.4633368,35.5932825],[-5.4634548,35.5947333],[-5.4641313,35.59826],[-5.4641635,35.5992698],[-5.4644961,35.60031],[-5.4650003,35.6013582],[-5.465408,35.6017481],[-5.4676498,35.6023073],[-5.4692591,35.6026052],[-5.4701604,35.602538],[-5.4708792,35.6022279],[-5.4713191,35.6016413],[-5.4717697,35.6012579],[-5.4721452,35.6011069],[-5.4726709,35.6010249],[-5.4748274,35.6015248],[-5.4754186,35.6015942],[-5.4766513,35.6016399],[-5.4776169,35.6015418],[-5.4797519,35.6014502],[-5.4804085,35.6015994],[-5.4806317,35.6017097],[-5.4813398,35.601862],[-5.4830784,35.6018319],[-5.4830779,35.6026767],[-5.4832388,35.6032607],[-5.4861571,35.6079289],[-5.4864146,35.6081596],[-5.4890109,35.6091762],[-5.4899014,35.6093162],[-5.4904491,35.6094139],[-5.4911567,35.6097894],[-5.4925622,35.6119936],[-5.4940964,35.6146189],[-5.4941286,35.6149312],[-5.4937322,35.6169782],[-5.4938089,35.6171623],[-5.4949976,35.6196292],[-5.4925665,35.6202745],[-5.4896225,35.6214966],[-5.4865272,35.6233928],[-5.4865151,35.6237591],[-5.486775,35.6243657],[-5.4877559,35.6256664],[-5.4884584,35.6268707],[-5.4900838,35.6301427],[-5.4902394,35.6304664],[-5.4909528,35.6303594],[-5.4913383,35.6301989],[-5.4920805,35.6297747],[-5.4926754,35.6295532],[-5.4930578,35.6294806],[-5.493351,35.6292416],[-5.493914,35.6286645],[-5.4941554,35.6284969],[-5.4945202,35.6283166],[-5.4949955,35.6281592],[-5.4954461,35.6280957],[-5.4959364,35.627707],[-5.4962904,35.6275666],[-5.4965962,35.6273656],[-5.4970197,35.6272915],[-5.4975028,35.6273863],[-5.49805,35.627218],[-5.4984255,35.6269472],[-5.498776,35.6267266],[-5.498879,35.6269894],[-5.4989263,35.6271102],[-5.4990087,35.6273206],[-5.4990684,35.627473],[-5.4991245,35.6276163],[-5.5003746,35.6308085],[-5.5003961,35.633442],[-5.4980593,35.6371976],[-5.497113,35.6400864],[-5.4969199,35.6429637],[-5.4965144,35.6481312],[-5.4965337,35.6494677],[-5.4968126,35.6511765],[-5.5034412,35.6594289],[-5.5021538,35.6657224],[-5.4974781,35.6711012],[-5.4954611,35.6765318],[-5.4959965,35.6817443],[-5.4954386,35.6818619],[-5.4949654,35.6820859],[-5.4944934,35.6821669],[-5.4940428,35.6820022],[-5.4932274,35.6821138],[-5.4926051,35.6820885],[-5.4911674,35.6818863],[-5.4902018,35.6814698],[-5.4881634,35.6816833],[-5.4876055,35.681895],[-5.487305,35.6821208],[-5.4865326,35.6822096],[-5.4861463,35.6820502],[-5.4856528,35.682004],[-5.4846883,35.6820005],[-5.4836572,35.6821835],[-5.4830081,35.6824188],[-5.4814256,35.6826157],[-5.4804611,35.6826218],[-5.4799665,35.6824354],[-5.4796232,35.6821025],[-5.4792799,35.6821068],[-5.4779066,35.682533],[-5.4772843,35.6825704],[-5.4767693,35.6824807],[-5.4761256,35.6827918],[-5.4756439,35.6827988],[-5.4745592,35.6833417],[-5.4741086,35.6834149],[-5.4729509,35.6839778],[-5.4724563,35.6846532],[-5.471362,35.6852118],[-5.4695907,35.686593],[-5.4691894,35.6866113],[-5.4687077,35.6866252],[-5.4682034,35.686817],[-5.466975,35.6869668],[-5.4663774,35.6869485],[-5.4662207,35.6874801],[-5.4656553,35.6881537],[-5.4644955,35.6884404],[-5.4630836,35.6884395],[-5.4627725,35.6887262],[-5.4629742,35.6897527],[-5.4626073,35.6906833],[-5.4626287,35.6940206],[-5.462117,35.6950287],[-5.4614271,35.6953503],[-5.461235,35.6963166],[-5.4610409,35.6977333],[-5.4603542,35.6985026],[-5.4598821,35.6989827],[-5.4591955,35.6998218],[-5.4599036,35.7021506]]]}},{"type":"Feature","id":"relation/2752875","properties":{"osmRelationId":2752875,"name":"Souk Kdim سوق اقديم","nameAr":"سوق اقديم","nameFr":"Souk Kdim","adminLevel":"8","refHcp":"01.571.03.19","population":8699,"populationDate":"2024","source":"OpenStreetMap contributors","license":"ODbL 1.0"},"geometry":{"type":"Polygon","coordinates":[[[-5.5706992,35.6498024],[-5.570748,35.650179],[-5.5704288,35.6504868],[-5.5690593,35.6508612],[-5.5676216,35.6516315],[-5.5670208,35.6517771],[-5.5663229,35.6521306],[-5.5658085,35.6522387],[-5.5633618,35.652413],[-5.5625678,35.6524636],[-5.5591346,35.6519431],[-5.5584635,35.6516031],[-5.5576937,35.6514968],[-5.5573284,35.6515369],[-5.5564406,35.6516755],[-5.555916,35.6515962],[-5.5550469,35.6514641],[-5.5543925,35.6514536],[-5.5534054,35.6515888],[-5.5527939,35.6517383],[-5.5519254,35.6521811],[-5.5504121,35.6520491],[-5.5493499,35.6509754],[-5.5461313,35.647523],[-5.5429126,35.6439968],[-5.5380846,35.6370576],[-5.5329782,35.6367812],[-5.5300165,35.6354867],[-5.5296947,35.6354453],[-5.5293514,35.6354654],[-5.5289501,35.6356437],[-5.5286433,35.6357078],[-5.5280628,35.6357043],[-5.527698,35.6357562],[-5.5267979,35.6361861],[-5.5264339,35.6363451],[-5.5260866,35.6364546],[-5.5256177,35.6365231],[-5.5250705,35.6365017],[-5.5246741,35.6364568],[-5.5242321,35.6363426],[-5.5237729,35.6363434],[-5.5233089,35.6363452],[-5.5227429,35.6362549],[-5.5222387,35.6362183],[-5.5219275,35.6360561],[-5.5217553,35.6356855],[-5.5215193,35.6353245],[-5.5212404,35.6352186],[-5.5208434,35.634981],[-5.5204893,35.6346466],[-5.5204357,35.6340205],[-5.5203831,35.6335828],[-5.5202111,35.6333467],[-5.5199443,35.6331864],[-5.5194808,35.6328969],[-5.519159,35.6327827],[-5.5188907,35.6325673],[-5.5185217,35.6324683],[-5.5181971,35.6323798],[-5.5177964,35.6321527],[-5.5173554,35.632154],[-5.5170937,35.6319512],[-5.5171548,35.631462],[-5.5170588,35.631081],[-5.5167557,35.6308143],[-5.5158867,35.6304112],[-5.5156238,35.630161],[-5.5150927,35.6294943],[-5.5146689,35.6291322],[-5.5142773,35.6288427],[-5.5138804,35.6287258],[-5.5126071,35.628813],[-5.5122389,35.6288243],[-5.5118312,35.6286781],[-5.511681,35.6283329],[-5.5115882,35.627986],[-5.5112143,35.6277543],[-5.5104372,35.6277295],[-5.5100188,35.627786],[-5.5096065,35.6276475],[-5.5089078,35.6274443],[-5.507942,35.6273621],[-5.5076365,35.6273665],[-5.506467,35.6275808],[-5.5060003,35.6275634],[-5.5055175,35.6274563],[-5.5051852,35.6273948],[-5.5044605,35.6271792],[-5.5038435,35.6271589],[-5.503,35.6271783],[-5.5024971,35.6270109],[-5.5024005,35.6266034],[-5.5026776,35.6258637],[-5.50273,35.6253814],[-5.5026956,35.6249816],[-5.5026419,35.6246186],[-5.5024381,35.6242495],[-5.5022128,35.6240556],[-5.5018426,35.6239183],[-5.5014778,35.6236778],[-5.5010272,35.6231576],[-5.5006142,35.6232365],[-5.5002226,35.6234061],[-5.4997505,35.6234942],[-5.4996808,35.6237554],[-5.4997773,35.6240508],[-5.500137,35.6241936],[-5.5002548,35.6244982],[-5.4999053,35.6247145],[-5.4994951,35.6248832],[-5.4993482,35.6252345],[-5.4994555,35.6258489],[-5.4993074,35.6261632],[-5.4989571,35.6265566],[-5.498776,35.6267266],[-5.4984255,35.6269472],[-5.49805,35.627218],[-5.4975028,35.6273863],[-5.4970197,35.6272915],[-5.4965962,35.6273656],[-5.4962904,35.6275666],[-5.4959364,35.627707],[-5.4954461,35.6280957],[-5.4949955,35.6281592],[-5.4945202,35.6283166],[-5.4941554,35.6284969],[-5.493914,35.6286645],[-5.493351,35.6292416],[-5.4930578,35.6294806],[-5.4926754,35.6295532],[-5.4920805,35.6297747],[-5.4913383,35.6301989],[-5.4909528,35.6303594],[-5.4902394,35.6304664],[-5.4900838,35.6301427],[-5.4884584,35.6268707],[-5.4877559,35.6256664],[-5.486775,35.6243657],[-5.4865151,35.6237591],[-5.4865272,35.6233928],[-5.4896225,35.6214966],[-5.4925665,35.6202745],[-5.4949976,35.6196292],[-5.4938089,35.6171623],[-5.4937322,35.6169782],[-5.4941286,35.6149312],[-5.4940964,35.6146189],[-5.4925622,35.6119936],[-5.4911567,35.6097894],[-5.4904491,35.6094139],[-5.4899014,35.6093162],[-5.4890109,35.6091762],[-5.4864146,35.6081596],[-5.4861571,35.6079289],[-5.4832388,35.6032607],[-5.4830779,35.6026767],[-5.4830784,35.6018319],[-5.4813398,35.601862],[-5.4806317,35.6017097],[-5.4804085,35.6015994],[-5.4797519,35.6014502],[-5.4776169,35.6015418],[-5.4766513,35.6016399],[-5.4754186,35.6015942],[-5.4748274,35.6015248],[-5.4726709,35.6010249],[-5.4721452,35.6011069],[-5.4717697,35.6012579],[-5.4713191,35.6016413],[-5.4708792,35.6022279],[-5.4701604,35.602538],[-5.4692591,35.6026052],[-5.4676498,35.6023073],[-5.465408,35.6017481],[-5.4650003,35.6013582],[-5.4644961,35.60031],[-5.4641635,35.5992698],[-5.4641313,35.59826],[-5.4634548,35.5947333],[-5.4633368,35.5932825],[-5.4633797,35.5920488],[-5.4636179,35.590351],[-5.4635814,35.5898467],[-5.4636909,35.5892875],[-5.4637874,35.5855519],[-5.4644741,35.5814945],[-5.4676498,35.5769047],[-5.4666628,35.5738723],[-5.4657621,35.5712836],[-5.4646565,35.5683553],[-5.4644644,35.5681057],[-5.4638625,35.5673477],[-5.4625012,35.5660688],[-5.4610528,35.5650389],[-5.4608597,35.5646986],[-5.460334,35.5631189],[-5.4596688,35.562473],[-5.4594117,35.5622291],[-5.459056,35.561595],[-5.4588951,35.5613183],[-5.4648818,35.5603068],[-5.4666772,35.560106],[-5.4681149,35.5603351],[-5.4702097,35.5606929],[-5.4726691,35.5610615],[-5.4732295,35.5610729],[-5.4738576,35.561016],[-5.4753614,35.5607918],[-5.4764607,35.5606299],[-5.4766757,35.5606045],[-5.4767862,35.5605953],[-5.476937,35.5605834],[-5.4779466,35.5606363],[-5.4983906,35.5608337],[-5.4995432,35.5599573],[-5.505808,35.5600283],[-5.5308856,35.5663716],[-5.5350977,35.5646558],[-5.5359496,35.5671151],[-5.5361212,35.5682165],[-5.5365933,35.5695151],[-5.537589,35.5699828],[-5.5392262,35.5698362],[-5.5402583,35.5695692],[-5.5416166,35.569934],[-5.5621151,35.5707491],[-5.5604864,35.5753235],[-5.5641943,35.5794161],[-5.5719568,35.591292],[-5.5776474,35.5961637],[-5.5827972,35.5990949],[-5.5892946,35.6098557],[-5.588093,35.6122282],[-5.5831148,35.6164148],[-5.5743601,35.6204617],[-5.5753815,35.622485],[-5.5681202,35.6271594],[-5.5684893,35.6322521],[-5.5717839,35.6377913],[-5.5719132,35.638059],[-5.5722168,35.6385299],[-5.5725124,35.6389837],[-5.572771,35.639979],[-5.5724421,35.6411797],[-5.5719545,35.6420908],[-5.5716557,35.6423676],[-5.5710935,35.6426854],[-5.5705678,35.6432251],[-5.5701832,35.6438076],[-5.5702593,35.6444445],[-5.5703554,35.6448761],[-5.5703586,35.6453656],[-5.5705104,35.6462039],[-5.5706788,35.6465195],[-5.5707105,35.6470845],[-5.5710688,35.6472235],[-5.5708559,35.6483417],[-5.5703248,35.6495696],[-5.5706992,35.6498024]]]}},{"type":"Feature","id":"relation/2826523","properties":{"osmRelationId":2826523,"name":"Sahtryine السحتريين","nameAr":"السحتريين","nameFr":"Sahtryine","adminLevel":"8","refHcp":"01.571.03.21.","population":8036,"populationDate":"2014","source":"OpenStreetMap contributors","license":"ODbL 1.0"},"geometry":{"type":"Polygon","coordinates":[[[-5.428883,35.55425],[-5.4285647,35.5538731],[-5.4283715,35.5536593],[-5.4280534,35.5530723],[-5.4281001,35.5523552],[-5.4282938,35.5519],[-5.4285792,35.5514256],[-5.4293173,35.5506897],[-5.4295201,35.5501193],[-5.4295807,35.5496545],[-5.4291623,35.5487999],[-5.4297792,35.5477615],[-5.4297432,35.5473312],[-5.4295517,35.5470907],[-5.4299449,35.546195],[-5.4317297,35.5443583],[-5.4318541,35.5440855],[-5.4316911,35.542151],[-5.4316412,35.5401959],[-5.4319373,35.5387057],[-5.4326051,35.5377514],[-5.4339449,35.5364902],[-5.438318,35.5359288],[-5.4401633,35.5356843],[-5.4401419,35.5312141],[-5.4406826,35.5280211],[-5.4409358,35.5256086],[-5.4402749,35.5222057],[-5.4400346,35.5187975],[-5.4407684,35.5172283],[-5.444133,35.5137325],[-5.4469654,35.5103266],[-5.447828,35.5093336],[-5.4469869,35.5077589],[-5.4461715,35.5062917],[-5.4472444,35.5051563],[-5.4509995,35.5039859],[-5.4513042,35.5033771],[-5.4479739,35.5006145],[-5.4467766,35.498975],[-5.444781,35.4930178],[-5.4433863,35.4911659],[-5.4409787,35.4883678],[-5.4400174,35.4878987],[-5.4377386,35.4880883],[-5.4352324,35.488056],[-5.4342617,35.4870799],[-5.4340396,35.4863164],[-5.4344398,35.4854524],[-5.4350717,35.4847343],[-5.436004,35.4839366],[-5.4373065,35.4833155],[-5.438859,35.4830805],[-5.4398535,35.48242],[-5.4403117,35.4818556],[-5.4405509,35.4810877],[-5.440287,35.4803599],[-5.4365212,35.4789],[-5.4321846,35.4775484],[-5.4316771,35.4772121],[-5.430954,35.4763436],[-5.430513,35.4757425],[-5.4301815,35.4754201],[-5.4299058,35.475241],[-5.4292624,35.4752358],[-5.4286172,35.4756219],[-5.427995,35.4760046],[-5.4274918,35.4759941],[-5.4267429,35.476078],[-5.4256142,35.4762029],[-5.4247913,35.4759574],[-5.423697,35.4753712],[-5.4226745,35.4749981],[-5.4219267,35.4746696],[-5.4205706,35.4739077],[-5.4207981,35.4735573],[-5.4211189,35.4732253],[-5.421297,35.4728574],[-5.4215405,35.472258],[-5.4215255,35.471601],[-5.4212862,35.4707639],[-5.4203464,35.470064],[-5.4194666,35.4698028],[-5.4185225,35.4692566],[-5.4183819,35.4687411],[-5.4183905,35.4682098],[-5.4200932,35.4667654],[-5.4209107,35.4657125],[-5.4219536,35.4639648],[-5.4235017,35.4597231],[-5.4246057,35.4582383],[-5.4255509,35.4563681],[-5.4266485,35.4550494],[-5.4272246,35.4540784],[-5.428201,35.4536467],[-5.4288007,35.4529126],[-5.4298607,35.4505214],[-5.430292,35.4486851],[-5.4302126,35.4476136],[-5.4306718,35.4469843],[-5.4324721,35.4461496],[-5.4345028,35.4431239],[-5.4371593,35.4411633],[-5.4397599,35.440589],[-5.4441974,35.4394676],[-5.4450385,35.4383863],[-5.4450171,35.4313231],[-5.4480426,35.4299418],[-5.4502484,35.4258303],[-5.4497335,35.4242217],[-5.4501884,35.4224233],[-5.4527161,35.4205321],[-5.4530594,35.4182589],[-5.4553554,35.4164927],[-5.4569261,35.4139771],[-5.4568978,35.4134894],[-5.4575119,35.4125903],[-5.4577157,35.412182],[-5.4585097,35.4118759],[-5.4604515,35.4118235],[-5.4624239,35.4150845],[-5.4701272,35.4144006],[-5.4758397,35.4154324],[-5.4854594,35.4199145],[-5.485957,35.4202101],[-5.4862332,35.4257597],[-5.4873919,35.4282425],[-5.4876709,35.4290118],[-5.4879574,35.4306569],[-5.488615,35.4308477],[-5.4891515,35.43104],[-5.4906321,35.4324737],[-5.4916835,35.4333304],[-5.4923487,35.4336626],[-5.4932284,35.4341871],[-5.493679,35.4349214],[-5.4940653,35.4352011],[-5.494473,35.4354459],[-5.4948378,35.4360053],[-5.4951382,35.4363725],[-5.5292561,35.4442002],[-5.526917,35.4484522],[-5.5340787,35.4595734],[-5.5332473,35.4610939],[-5.5281199,35.4647089],[-5.5286135,35.472123],[-5.5287409,35.4727286],[-5.5280099,35.4739514],[-5.5280204,35.4747032],[-5.5282474,35.4756119],[-5.5282688,35.4762759],[-5.528934,35.4773768],[-5.529407,35.477533],[-5.5307043,35.4779855],[-5.5308959,35.4782709],[-5.5308985,35.4783885],[-5.5308909,35.479211],[-5.5308864,35.4796981],[-5.5307478,35.4805207],[-5.5298136,35.4814542],[-5.5283831,35.4828535],[-5.5275523,35.4843137],[-5.5272574,35.4849204],[-5.5260837,35.4857045],[-5.5255356,35.486437],[-5.5252881,35.4874958],[-5.5238475,35.4885141],[-5.5234775,35.4887136],[-5.5226179,35.4895894],[-5.5237995,35.4907738],[-5.5236725,35.4917142],[-5.5200736,35.4943728],[-5.5195361,35.4951532],[-5.5193011,35.4956904],[-5.5190399,35.4961123],[-5.5186965,35.4963984],[-5.5182416,35.4965325],[-5.5178549,35.4964408],[-5.516355,35.4964172],[-5.5152944,35.4964788],[-5.5144705,35.4966683],[-5.5140638,35.4969933],[-5.5139083,35.4973623],[-5.5139142,35.4978034],[-5.5142516,35.4984052],[-5.5145815,35.4987485],[-5.5151147,35.4990743],[-5.5153213,35.4993202],[-5.5156474,35.500012],[-5.5159387,35.5002958],[-5.516657,35.5010457],[-5.5166656,35.501364],[-5.5163287,35.5015457],[-5.5161018,35.5015828],[-5.5146212,35.5015741],[-5.5140241,35.5017738],[-5.5135376,35.5024737],[-5.5132264,35.5034258],[-5.5132914,35.5038367],[-5.5136127,35.5040022],[-5.5144286,35.5042909],[-5.5163491,35.5047975],[-5.5171323,35.5051293],[-5.5172932,35.5054263],[-5.517239,35.5056791],[-5.5168099,35.5058451],[-5.5159087,35.5059237],[-5.5149972,35.5062211],[-5.5138506,35.5067035],[-5.5133524,35.5070466],[-5.5130228,35.5074043],[-5.5129046,35.5079674],[-5.5126691,35.508946],[-5.5123794,35.5099329],[-5.5120677,35.5103691],[-5.5117142,35.5107276],[-5.510813,35.5113389],[-5.5100829,35.5120459],[-5.5094499,35.5127795],[-5.5078411,35.5144217],[-5.5075187,35.5148929],[-5.5074916,35.5153404],[-5.5074978,35.5157317],[-5.5078304,35.5161945],[-5.5082703,35.5165613],[-5.5089355,35.5168844],[-5.5097396,35.5173206],[-5.5101902,35.5176873],[-5.5103833,35.517993],[-5.5105872,35.5185868],[-5.5105872,35.5189274],[-5.5104911,35.5193033],[-5.5099654,35.5202027],[-5.5100293,35.5207],[-5.5103302,35.5209799],[-5.5107374,35.521451],[-5.5111349,35.5226739],[-5.5112422,35.5231105],[-5.5126471,35.5258956],[-5.5124111,35.5265854],[-5.5121112,35.526839],[-5.5117249,35.5269613],[-5.510416,35.5270311],[-5.5090363,35.527035],[-5.5087745,35.5271097],[-5.5085492,35.5273542],[-5.5085599,35.5282535],[-5.5085058,35.5290913],[-5.5082483,35.5299382],[-5.5082166,35.5303578],[-5.5078871,35.531275],[-5.5075514,35.531973],[-5.5073476,35.5326104],[-5.5073363,35.5338061],[-5.5072719,35.5347054],[-5.5069721,35.5351598],[-5.5061138,35.5356487],[-5.5054389,35.5358582],[-5.5050945,35.5359979],[-5.504815,35.5363293],[-5.5047083,35.5365654],[-5.5043864,35.5372377],[-5.5037642,35.5380932],[-5.5033243,35.5384512],[-5.5028737,35.5386607],[-5.5023474,35.5387563],[-5.5012858,35.5386433],[-5.5005348,35.5383814],[-5.4999871,35.5382849],[-5.4994929,35.5382985],[-5.4984314,35.5380754],[-5.4977989,35.5381369],[-5.4973054,35.5383814],[-5.4968757,35.5389746],[-5.4961165,35.5406779],[-5.4953742,35.5422837],[-5.495106,35.5425107],[-5.4946876,35.542694],[-5.4940975,35.5425631],[-5.4933894,35.5422924],[-5.493046,35.5423012],[-5.4925203,35.5423099],[-5.4914367,35.5426678],[-5.4901814,35.5430607],[-5.4889369,35.5434273],[-5.4877777,35.5438459],[-5.4871446,35.5442562],[-5.4865551,35.5447193],[-5.4856971,35.5456344],[-5.4849672,35.5463168],[-5.4842371,35.5467092],[-5.4834759,35.5469017],[-5.4822206,35.5469541],[-5.4826927,35.5494332],[-5.482446,35.5499133],[-5.4819739,35.5503672],[-5.4817271,35.5505418],[-5.4806006,35.5510743],[-5.480032,35.5512401],[-5.4787011,35.5519118],[-5.4783663,35.5522745],[-5.4785782,35.5531801],[-5.4786935,35.5537164],[-5.4791147,35.5541343],[-5.4795859,35.5547479],[-5.47898,35.5550541],[-5.4788196,35.555299],[-5.4786587,35.5559885],[-5.4786083,35.5565705],[-5.4783546,35.5570258],[-5.4774989,35.5588989],[-5.476937,35.5605834],[-5.4767862,35.5605953],[-5.4766757,35.5606045],[-5.4764607,35.5606299],[-5.4753614,35.5607918],[-5.4738576,35.561016],[-5.4732295,35.5610729],[-5.4726691,35.5610615],[-5.4702097,35.5606929],[-5.4681149,35.5603351],[-5.4666772,35.560106],[-5.4648818,35.5603068],[-5.4588951,35.5613183],[-5.4582143,35.5606965],[-5.4577224,35.5605145],[-5.4565884,35.5601501],[-5.4555482,35.5591551],[-5.4553653,35.5589945],[-5.4543509,35.5586135],[-5.454132,35.5584612],[-5.4541529,35.5580327],[-5.4532206,35.5578781],[-5.4517293,35.5576512],[-5.4496577,35.5575619],[-5.4492584,35.5576151],[-5.4487976,35.5577101],[-5.4479497,35.558093],[-5.4474518,35.5584186],[-5.4465978,35.5590955],[-5.4459277,35.5594579],[-5.4453012,35.5596427],[-5.4440662,35.559783],[-5.4415767,35.5599709],[-5.4397747,35.5601016],[-5.4390264,35.560058],[-5.4371327,35.5597001],[-5.4363388,35.559687],[-5.4355632,35.5598408],[-5.4347321,35.5602063],[-5.4329967,35.5613191],[-5.4318729,35.5620741],[-5.4311433,35.5624647],[-5.4304429,35.5626687],[-5.4297207,35.5628417],[-5.4295316,35.5621115],[-5.4288383,35.5618594],[-5.4280014,35.5612267],[-5.4275307,35.5610118],[-5.4268655,35.5607848],[-5.4264095,35.5607237],[-5.42546,35.5607456],[-5.4243549,35.5609376],[-5.4241873,35.5606114],[-5.4241122,35.5600179],[-5.4242195,35.5596513],[-5.4246701,35.5592411],[-5.424713,35.558905],[-5.4246969,35.5585385],[-5.4248525,35.5580759],[-5.4254801,35.5569499],[-5.4258503,35.556723],[-5.4268105,35.5564306],[-5.4275883,35.5562516],[-5.4282374,35.5559374],[-5.4285432,35.5559374],[-5.4289241,35.5560509],[-5.4302115,35.5556843],[-5.4303242,35.5553352],[-5.4302813,35.554986],[-5.4300077,35.5546194],[-5.4295249,35.5543096],[-5.428883,35.55425]]]}}]}